low,high,open,close,volume,year,month,day,weekday,days
8656.0,8656.0,8656.0,8700.0,0,2018,1,5,5,17536
8656.0,8656.0,8656.0,8700.0,0,2018,1,8,1,17539
8656.0,8656.0,8656.0,8700.0,0,2018,1,9,2,17540
8656.0,8656.0,8656.0,8700.0,0,2018,1,10,3,17541
8656.0,8656.0,8656.0,8700.0,0,2018,1,11,4,17542
8656.0,8656.0,8656.0,8700.0,0,2018,1,12,5,17543
8656.0,8656.0,8656.0,8700.0,0,2018,1,15,1,17546
8656.0,8656.0,8656.0,8700.0,0,2018,1,16,2,17547
8656.0,8656.0,8656.0,8700.0,0,2018,1,17,3,17548
8656.0,8656.0,8656.0,8700.0,0,2018,1,18,4,17549
8656.0,8656.0,8656.0,8700.0,0,2018,1,19,5,17550
8656.0,8656.0,8656.0,8700.0,0,2018,1,22,1,17553
8656.0,8656.0,8656.0,8700.0,0,2018,1,23,2,17554
8656.0,8656.0,8656.0,8700.0,0,2018,1,24,3,17555
8656.0,8656.0,8656.0,8700.0,0,2018,1,25,4,17556
8656.0,8656.0,8656.0,8700.0,0,2018,1,26,5,17557
8656.0,8656.0,8656.0,8700.0,0,2018,1,29,1,17560
8656.0,8656.0,8656.0,8700.0,0,2018,1,30,2,17561
8656.0,8656.0,8656.0,8700.0,0,2018,1,31,3,17562
8656.0,8656.0,8656.0,8700.0,0,2018,2,1,4,17563
8656.0,8656.0,8656.0,8700.0,0,2018,2,2,5,17564
8656.0,8656.0,8656.0,8700.0,0,2018,2,5,1,17567
8656.0,8656.0,8656.0,8700.0,0,2018,2,6,2,17568
8656.0,8656.0,8656.0,8700.0,0,2018,2,7,3,17569
8656.0,8656.0,8656.0,8700.0,0,2018,2,8,4,17570
8656.0,8656.0,8656.0,8700.0,0,2018,2,9,5,17571
8656.0,8656.0,8656.0,8700.0,0,2018,2,12,1,17574
8656.0,8656.0,8656.0,8700.0,0,2018,2,13,2,17575
8656.0,8656.0,8656.0,8700.0,0,2018,2,21,3,17583
8656.0,8656.0,8656.0,8700.0,0,2018,2,22,4,17584
8656.0,8656.0,8656.0,8700.0,0,2018,2,23,5,17585
8656.0,8656.0,8656.0,8700.0,0,2018,2,26,1,17588
8656.0,8656.0,8656.0,8700.0,0,2018,2,27,2,17589
8656.0,8656.0,8656.0,8700.0,0,2018,2,28,3,17590
8656.0,8656.0,8656.0,8700.0,0,2018,3,1,4,17591
8223.0,8223.0,8223.0,8200.0,2000,2018,3,2,5,17592
8223.0,8223.0,8223.0,8200.0,0,2018,3,5,1,17595
8223.0,8223.0,8223.0,8200.0,0,2018,3,6,2,17596
7935.0,7935.0,7935.0,7900.0,2520,2018,3,7,3,17597
8079.0,8151.0,8151.0,8100.0,2600,2018,3,8,4,17598
7935.0,7935.0,7935.0,7900.0,900,2018,3,9,5,17599
7935.0,7935.0,7935.0,7900.0,0,2018,3,12,1,17602
8295.0,8295.0,8295.0,8300.0,7600,2018,3,13,2,17603
9089.0,9089.0,9089.0,9100.0,500,2018,3,14,3,17604
8295.0,8295.0,8295.0,8300.0,5300,2018,3,15,4,17605
8295.0,8295.0,8295.0,8300.0,0,2018,3,16,5,17606
8295.0,8295.0,8295.0,8300.0,0,2018,3,19,1,17609
8295.0,8295.0,8295.0,8300.0,0,2018,3,20,2,17610
8295.0,8295.0,8295.0,8300.0,0,2018,3,21,3,17611
8295.0,8295.0,8295.0,8300.0,0,2018,3,22,4,17612
8295.0,8295.0,8295.0,8300.0,0,2018,3,23,5,17613
8295.0,8295.0,8295.0,8300.0,0,2018,3,26,1,17616
8295.0,8295.0,8295.0,8300.0,0,2018,3,27,2,17617
8295.0,8295.0,8295.0,8300.0,0,2018,3,28,3,17618
8295.0,8295.0,8295.0,8300.0,0,2018,3,29,4,17619
8295.0,8295.0,8295.0,8300.0,0,2018,3,30,5,17620
8295.0,8295.0,8295.0,8300.0,0,2018,4,2,1,17623
8295.0,8295.0,8295.0,8300.0,0,2018,4,3,2,17624
8295.0,8295.0,8295.0,8300.0,0,2018,4,4,3,17625
8295.0,8295.0,8295.0,8300.0,0,2018,4,5,4,17626
8295.0,8295.0,8295.0,8300.0,0,2018,4,6,5,17627
8295.0,8295.0,8295.0,8300.0,0,2018,4,9,1,17630
8295.0,8295.0,8295.0,8300.0,0,2018,4,10,2,17631
8295.0,8295.0,8295.0,8300.0,0,2018,4,11,3,17632
8295.0,8295.0,8295.0,8300.0,0,2018,4,12,4,17633
8295.0,8295.0,8295.0,8300.0,0,2018,4,13,5,17634
8295.0,8295.0,8295.0,8300.0,0,2018,4,16,1,17637
8295.0,8295.0,8295.0,8300.0,0,2018,4,17,2,17638
8295.0,8295.0,8295.0,8300.0,0,2018,4,18,3,17639
8295.0,8295.0,8295.0,8300.0,0,2018,4,19,4,17640
8295.0,8295.0,8295.0,8300.0,0,2018,4,20,5,17641
8295.0,8295.0,8295.0,8300.0,0,2018,4,23,1,17644
8295.0,8295.0,8295.0,8300.0,0,2018,4,24,2,17645
8295.0,8295.0,8295.0,8300.0,0,2018,4,26,4,17647
8295.0,8295.0,8295.0,8300.0,0,2018,4,27,5,17648
7935.0,7935.0,7935.0,7900.0,4100,2018,5,2,3,17653
7935.0,7935.0,7935.0,7900.0,0,2018,5,3,4,17654
7935.0,7935.0,7935.0,7900.0,90,2018,5,4,5,17655
7935.0,7935.0,7935.0,7900.0,0,2018,5,7,1,17658
7935.0,7935.0,7935.0,7900.0,0,2018,5,8,2,17659
7935.0,7935.0,7935.0,7900.0,0,2018,5,9,3,17660
7935.0,7935.0,7935.0,7900.0,0,2018,5,10,4,17661
7935.0,7935.0,7935.0,7900.0,0,2018,5,11,5,17662
7935.0,7935.0,7935.0,7900.0,0,2018,5,14,1,17665
7935.0,7935.0,7935.0,7900.0,0,2018,5,15,2,17666
7935.0,7935.0,7935.0,7900.0,0,2018,5,16,3,17667
7935.0,7935.0,7935.0,7900.0,0,2018,5,17,4,17668
7935.0,7935.0,7935.0,7900.0,0,2018,5,18,5,17669
7935.0,7935.0,7935.0,7900.0,0,2018,5,21,1,17672
7935.0,7935.0,7935.0,7900.0,0,2018,5,22,2,17673
7935.0,7935.0,7935.0,7900.0,0,2018,5,23,3,17674
8295.0,8295.0,8295.0,8300.0,100,2018,5,24,4,17675
8295.0,8295.0,8295.0,8300.0,0,2018,5,25,5,17676
8295.0,8295.0,8295.0,8300.0,0,2018,5,28,1,17679
8296.0,8296.0,8296.0,8300.0,0,2018,5,29,2,17680
8296.0,8296.0,8296.0,8300.0,0,2018,5,30,3,17681
8296.0,8296.0,8296.0,8300.0,0,2018,5,31,4,17682
8296.0,8296.0,8296.0,8300.0,0,2018,6,1,5,17683
8296.0,8296.0,8296.0,8300.0,0,2018,6,4,1,17686
8296.0,8296.0,8296.0,8300.0,0,2018,6,5,2,17687
8296.0,8296.0,8296.0,8300.0,0,2018,6,6,3,17688
8296.0,8296.0,8296.0,8300.0,10,2018,6,7,4,17689
8296.0,8296.0,8296.0,8300.0,0,2018,6,8,5,17690
8296.0,8296.0,8296.0,8300.0,0,2018,6,11,1,17693
8296.0,8296.0,8296.0,8300.0,0,2018,6,12,2,17694
8296.0,8296.0,8296.0,8300.0,0,2018,6,13,3,17695
8296.0,8296.0,8296.0,8300.0,0,2018,6,14,4,17696
8296.0,8296.0,8296.0,8300.0,0,2018,6,15,5,17697
8296.0,8296.0,8296.0,8300.0,0,2018,6,18,1,17700
8296.0,8296.0,8296.0,8300.0,0,2018,6,19,2,17701
8296.0,8296.0,8296.0,8300.0,0,2018,6,20,3,17702
8296.0,8296.0,8296.0,8300.0,0,2018,6,21,4,17703
8296.0,8296.0,8296.0,8300.0,0,2018,6,22,5,17704
8296.0,8296.0,8296.0,8300.0,0,2018,6,25,1,17707
8296.0,8296.0,8296.0,8300.0,0,2018,6,26,2,17708
8296.0,8296.0,8296.0,8300.0,0,2018,6,27,3,17709
8296.0,8296.0,8296.0,8300.0,0,2018,6,28,4,17710
8296.0,8296.0,8296.0,8300.0,0,2018,6,29,5,17711
8296.0,8296.0,8296.0,8300.0,0,2018,7,2,1,17714
8296.0,8296.0,8296.0,8300.0,0,2018,7,3,2,17715
8296.0,8296.0,8296.0,8300.0,0,2018,7,4,3,17716
8296.0,8296.0,8296.0,8300.0,0,2018,7,5,4,17717
8296.0,8296.0,8296.0,8300.0,0,2018,7,6,5,17718
8296.0,8296.0,8296.0,8300.0,0,2018,7,9,1,17721
8296.0,8296.0,8296.0,8300.0,0,2018,7,10,2,17722
8296.0,8296.0,8296.0,8300.0,0,2018,7,11,3,17723
8296.0,8296.0,8296.0,8300.0,0,2018,7,12,4,17724
8296.0,8296.0,8296.0,8300.0,0,2018,7,13,5,17725
8296.0,8296.0,8296.0,8300.0,0,2018,7,16,1,17728
8296.0,8296.0,8296.0,8300.0,0,2018,7,17,2,17729
8296.0,8296.0,8296.0,8300.0,0,2018,7,18,3,17730
8296.0,8296.0,8296.0,8300.0,0,2018,7,19,4,17731
8296.0,8296.0,8296.0,8300.0,0,2018,7,20,5,17732
8296.0,8296.0,8296.0,8300.0,0,2018,7,23,1,17735
8296.0,8296.0,8296.0,8300.0,0,2018,7,24,2,17736
8296.0,8296.0,8296.0,8300.0,0,2018,7,25,3,17737
8296.0,8296.0,8296.0,8300.0,0,2018,7,26,4,17738
8296.0,8296.0,8296.0,8300.0,0,2018,7,27,5,17739
8296.0,8296.0,8296.0,8300.0,0,2018,7,30,1,17742
8296.0,8296.0,8296.0,8300.0,0,2018,7,31,2,17743
8296.0,8296.0,8296.0,8300.0,0,2018,8,1,3,17744
8296.0,8296.0,8296.0,8300.0,0,2018,8,2,4,17745
8296.0,8296.0,8296.0,8300.0,0,2018,8,3,5,17746
8296.0,8296.0,8296.0,8300.0,0,2018,8,6,1,17749
8296.0,8296.0,8296.0,8300.0,0,2018,8,7,2,17750
8296.0,8296.0,8296.0,8300.0,0,2018,8,8,3,17751
8296.0,8296.0,8296.0,8300.0,0,2018,8,9,4,17752
8296.0,8296.0,8296.0,8300.0,0,2018,8,10,5,17753
8296.0,8296.0,8296.0,8300.0,0,2018,8,13,1,17756
8296.0,8296.0,8296.0,8300.0,0,2018,8,14,2,17757
8296.0,8296.0,8296.0,8300.0,0,2018,8,15,3,17758
8296.0,8296.0,8296.0,8300.0,0,2018,8,16,4,17759
8296.0,8296.0,8296.0,8300.0,0,2018,8,17,5,17760
8296.0,8296.0,8296.0,8300.0,0,2018,8,20,1,17763
8296.0,8296.0,8296.0,8300.0,0,2018,8,21,2,17764
8296.0,8296.0,8296.0,8300.0,0,2018,8,22,3,17765
8296.0,8296.0,8296.0,8300.0,0,2018,8,23,4,17766
8296.0,8296.0,8296.0,8300.0,0,2018,8,24,5,17767
8296.0,8296.0,8296.0,8300.0,0,2018,8,27,1,17770
8296.0,8296.0,8296.0,8300.0,0,2018,8,28,2,17771
8296.0,8296.0,8296.0,8300.0,0,2018,8,29,3,17772
8296.0,8296.0,8296.0,8300.0,0,2018,8,30,4,17773
8296.0,8296.0,8296.0,8300.0,0,2018,8,31,5,17774
8296.0,8296.0,8296.0,8300.0,0,2018,9,4,2,17778
8296.0,8296.0,8296.0,8300.0,0,2018,9,5,3,17779
8296.0,8296.0,8296.0,8300.0,0,2018,9,6,4,17780
8296.0,8296.0,8296.0,8300.0,0,2018,9,7,5,17781
8296.0,8296.0,8296.0,8300.0,0,2018,9,10,1,17784
8296.0,8296.0,8296.0,8300.0,0,2018,9,11,2,17785
8296.0,8296.0,8296.0,8300.0,0,2018,9,12,3,17786
8296.0,8296.0,8296.0,8300.0,0,2018,9,13,4,17787
8296.0,8296.0,8296.0,8300.0,0,2018,9,14,5,17788
8296.0,8296.0,8296.0,8300.0,0,2018,9,17,1,17791
8296.0,8296.0,8296.0,8300.0,0,2018,9,18,2,17792
8296.0,8296.0,8296.0,8300.0,0,2018,9,19,3,17793
8296.0,8296.0,8296.0,8300.0,0,2018,9,20,4,17794
8296.0,8296.0,8296.0,8300.0,0,2018,9,21,5,17795
8296.0,8296.0,8296.0,8300.0,0,2018,9,24,1,17798
8296.0,8296.0,8296.0,8300.0,0,2018,9,25,2,17799
8296.0,8296.0,8296.0,8300.0,0,2018,9,26,3,17800
8296.0,8296.0,8296.0,8300.0,0,2018,9,27,4,17801
8296.0,8296.0,8296.0,8300.0,0,2018,9,28,5,17802
8296.0,8296.0,8296.0,8300.0,0,2018,10,1,1,17805
8296.0,8296.0,8296.0,8300.0,0,2018,10,2,2,17806
8296.0,8296.0,8296.0,8300.0,0,2018,10,3,3,17807
8296.0,8296.0,8296.0,8300.0,0,2018,10,4,4,17808
8296.0,8296.0,8296.0,8300.0,0,2018,10,5,5,17809
8296.0,8296.0,8296.0,8300.0,0,2018,10,8,1,17812
8296.0,8296.0,8296.0,8300.0,0,2018,10,9,2,17813
8296.0,8296.0,8296.0,8300.0,0,2018,10,10,3,17814
8296.0,8296.0,8296.0,8300.0,0,2018,10,11,4,17815
8296.0,8296.0,8296.0,8300.0,0,2018,10,12,5,17816
8296.0,8296.0,8296.0,8300.0,0,2018,10,15,1,17819
8296.0,8296.0,8296.0,8300.0,0,2018,10,16,2,17820
8296.0,8296.0,8296.0,8300.0,0,2018,10,17,3,17821
8296.0,8296.0,8296.0,8300.0,0,2018,10,18,4,17822
8296.0,8296.0,8296.0,8300.0,0,2018,10,19,5,17823
8296.0,8296.0,8296.0,8300.0,0,2018,10,22,1,17826
8296.0,8296.0,8296.0,8300.0,0,2018,10,23,2,17827
8296.0,8296.0,8296.0,8300.0,0,2018,10,24,3,17828
8296.0,8296.0,8296.0,8300.0,0,2018,10,25,4,17829
8296.0,8296.0,8296.0,8300.0,0,2018,10,26,5,17830
8296.0,8296.0,8296.0,8300.0,0,2018,10,29,1,17833
8296.0,8296.0,8296.0,8300.0,0,2018,10,30,2,17834
8296.0,8296.0,8296.0,8300.0,0,2018,10,31,3,17835
8296.0,8296.0,8296.0,8300.0,0,2018,11,1,4,17836
8296.0,8296.0,8296.0,8300.0,0,2018,11,2,5,17837
8296.0,8296.0,8296.0,8300.0,0,2018,11,5,1,17840
8296.0,8296.0,8296.0,8300.0,0,2018,11,6,2,17841
8296.0,8296.0,8296.0,8300.0,0,2018,11,7,3,17842
8296.0,8296.0,8296.0,8300.0,0,2018,11,8,4,17843
8296.0,8296.0,8296.0,8300.0,0,2018,11,9,5,17844
8296.0,8296.0,8296.0,8300.0,0,2018,11,12,1,17847
8296.0,8296.0,8296.0,8300.0,0,2018,11,13,2,17848
8296.0,8296.0,8296.0,8300.0,0,2018,11,14,3,17849
8296.0,8296.0,8296.0,8300.0,0,2018,11,15,4,17850
8296.0,8296.0,8296.0,8300.0,0,2018,11,16,5,17851
8296.0,8296.0,8296.0,8300.0,0,2018,11,19,1,17854
8296.0,8296.0,8296.0,8300.0,0,2018,11,20,2,17855
8296.0,8296.0,8296.0,8300.0,0,2018,11,21,3,17856
8296.0,8296.0,8296.0,8300.0,0,2018,11,22,4,17857
8296.0,8296.0,8296.0,8300.0,0,2018,11,23,5,17858
8296.0,8296.0,8296.0,8300.0,0,2018,11,26,1,17861
8296.0,8296.0,8296.0,8300.0,0,2018,11,27,2,17862
8296.0,8296.0,8296.0,8300.0,0,2018,11,28,3,17863
8296.0,8296.0,8296.0,8300.0,0,2018,11,29,4,17864
8296.0,8296.0,8296.0,8300.0,0,2018,11,30,5,17865
8296.0,8296.0,8296.0,8300.0,0,2018,12,3,1,17868
8296.0,8296.0,8296.0,8300.0,0,2018,12,4,2,17869
8296.0,8296.0,8296.0,8300.0,0,2018,12,5,3,17870
8296.0,8296.0,8296.0,8300.0,0,2018,12,6,4,17871
8296.0,8296.0,8296.0,8300.0,0,2018,12,7,5,17872
8296.0,8296.0,8296.0,8300.0,0,2018,12,10,1,17875
8296.0,8296.0,8296.0,8300.0,0,2018,12,11,2,17876
8296.0,8296.0,8296.0,8300.0,0,2018,12,12,3,17877
8296.0,8296.0,8296.0,8300.0,0,2018,12,13,4,17878
8296.0,8296.0,8296.0,8300.0,0,2018,12,14,5,17879
8296.0,8296.0,8296.0,8300.0,0,2018,12,17,1,17882
8296.0,8296.0,8296.0,8300.0,0,2018,12,18,2,17883
8296.0,8296.0,8296.0,8300.0,0,2018,12,19,3,17884
8296.0,8296.0,8296.0,8300.0,0,2018,12,20,4,17885
8296.0,8296.0,8296.0,8300.0,0,2018,12,21,5,17886
8296.0,8296.0,8296.0,8300.0,0,2018,12,24,1,17889
8296.0,8296.0,8296.0,8300.0,0,2018,12,25,2,17890
8296.0,8296.0,8296.0,8300.0,0,2018,12,26,3,17891
8296.0,8296.0,8296.0,8300.0,0,2018,12,27,4,17892
8296.0,8296.0,8296.0,8300.0,0,2018,12,28,5,17893
8296.0,8296.0,8296.0,8300.0,0,2019,1,2,3,17898
8296.0,8296.0,8296.0,8300.0,0,2019,1,3,4,17899
8296.0,8296.0,8296.0,8300.0,0,2019,1,4,5,17900
8296.0,8296.0,8296.0,8300.0,0,2019,1,7,1,17903
8296.0,8296.0,8296.0,8300.0,0,2019,1,8,2,17904
8296.0,8296.0,8296.0,8300.0,0,2019,1,9,3,17905
8296.0,8296.0,8296.0,8300.0,0,2019,1,10,4,17906
8296.0,8296.0,8296.0,8300.0,0,2019,1,11,5,17907
8296.0,8296.0,8296.0,8300.0,0,2019,1,14,1,17910
8296.0,8296.0,8296.0,8300.0,0,2019,1,15,2,17911
8296.0,8296.0,8296.0,8300.0,0,2019,1,16,3,17912
8296.0,8296.0,8296.0,8300.0,0,2019,1,17,4,17913
8296.0,8296.0,8296.0,8300.0,0,2019,1,18,5,17914
8296.0,8296.0,8296.0,8300.0,0,2019,1,21,1,17917
8296.0,8296.0,8296.0,8300.0,0,2019,1,22,2,17918
8296.0,8296.0,8296.0,8300.0,0,2019,1,23,3,17919
8296.0,8296.0,8296.0,8300.0,0,2019,1,24,4,17920
8296.0,8296.0,8296.0,8300.0,0,2019,1,25,5,17921
8296.0,8296.0,8296.0,8300.0,0,2019,1,28,1,17924
8296.0,8296.0,8296.0,8300.0,0,2019,1,29,2,17925
8296.0,8296.0,8296.0,8300.0,0,2019,1,30,3,17926
8296.0,8296.0,8296.0,8300.0,0,2019,1,31,4,17927
8296.0,8296.0,8296.0,8300.0,0,2019,2,1,5,17928
8296.0,8296.0,8296.0,8300.0,0,2019,2,11,1,17938
8296.0,8296.0,8296.0,8300.0,0,2019,2,12,2,17939
8296.0,8296.0,8296.0,8300.0,0,2019,2,13,3,17940
8296.0,8296.0,8296.0,8300.0,0,2019,2,14,4,17941
8296.0,8296.0,8296.0,8300.0,0,2019,2,15,5,17942
8296.0,8296.0,8296.0,8300.0,0,2019,2,18,1,17945
8296.0,8296.0,8296.0,8300.0,0,2019,2,19,2,17946
8296.0,8296.0,8296.0,8300.0,0,2019,2,20,3,17947
8296.0,8296.0,8296.0,8300.0,0,2019,2,21,4,17948
8296.0,8296.0,8296.0,8300.0,0,2019,2,22,5,17949
8296.0,8296.0,8296.0,8300.0,0,2019,2,25,1,17952
8296.0,8296.0,8296.0,8300.0,0,2019,2,26,2,17953
8296.0,8296.0,8296.0,8300.0,0,2019,2,27,3,17954
8296.0,8296.0,8296.0,8300.0,0,2019,2,28,4,17955
8296.0,8296.0,8296.0,8300.0,0,2019,3,1,5,17956
8296.0,8296.0,8296.0,8300.0,0,2019,3,4,1,17959
8296.0,8296.0,8296.0,8300.0,0,2019,3,5,2,17960
8296.0,8296.0,8296.0,8300.0,0,2019,3,6,3,17961
8296.0,8296.0,8296.0,8300.0,0,2019,3,7,4,17962
8296.0,8296.0,8296.0,8300.0,0,2019,3,8,5,17963
8296.0,8296.0,8296.0,8300.0,0,2019,3,11,1,17966
11552.0,11552.0,11552.0,11600.0,100,2019,3,12,2,17967
11552.0,11552.0,11552.0,11600.0,0,2019,3,13,3,17968
11552.0,11552.0,11552.0,11600.0,0,2019,3,14,4,17969
11552.0,11552.0,11552.0,11600.0,0,2019,3,15,5,17970
11552.0,11552.0,11552.0,11600.0,0,2019,3,18,1,17973
11552.0,11552.0,11552.0,11600.0,0,2019,3,19,2,17974
11552.0,11552.0,11552.0,11600.0,0,2019,3,20,3,17975
11552.0,11552.0,11552.0,11600.0,0,2019,3,21,4,17976
11552.0,11552.0,11552.0,11600.0,0,2019,3,22,5,17977
11552.0,11552.0,11552.0,11600.0,0,2019,3,25,1,17980
11552.0,11552.0,11552.0,11600.0,0,2019,3,26,2,17981
11552.0,11552.0,11552.0,11600.0,0,2019,3,27,3,17982
11552.0,11552.0,11552.0,11600.0,0,2019,3,28,4,17983
11552.0,11552.0,11552.0,11600.0,0,2019,3,29,5,17984
11552.0,11552.0,11552.0,11600.0,0,2019,4,1,1,17987
9846.0,9846.0,9846.0,9800.0,100,2019,4,2,2,17988
9846.0,9846.0,9846.0,9800.0,0,2019,4,3,3,17989
9846.0,9846.0,9846.0,9800.0,0,2019,4,4,4,17990
9846.0,9846.0,9846.0,9800.0,0,2019,4,5,5,17991
9846.0,9846.0,9846.0,9800.0,0,2019,4,8,1,17994
9846.0,9846.0,9846.0,9800.0,0,2019,4,9,2,17995
9846.0,9846.0,9846.0,9800.0,0,2019,4,10,3,17996
9846.0,9846.0,9846.0,9800.0,0,2019,4,11,4,17997
9846.0,9846.0,9846.0,9800.0,0,2019,4,12,5,17998
9846.0,9846.0,9846.0,9800.0,0,2019,4,16,2,18002
9846.0,9846.0,9846.0,9800.0,0,2019,4,17,3,18003
9846.0,9846.0,9846.0,9800.0,0,2019,4,18,4,18004
9846.0,9846.0,9846.0,9800.0,0,2019,4,19,5,18005
9846.0,9846.0,9846.0,9800.0,0,2019,4,22,1,18008
9846.0,9846.0,9846.0,9800.0,0,2019,4,23,2,18009
9846.0,9846.0,9846.0,9800.0,0,2019,4,24,3,18010
9846.0,9846.0,9846.0,9800.0,0,2019,4,25,4,18011
9846.0,9846.0,9846.0,9800.0,0,2019,4,26,5,18012
9846.0,9846.0,9846.0,9800.0,0,2019,5,2,4,18018
9846.0,9846.0,9846.0,9800.0,0,2019,5,3,5,18019
9846.0,9846.0,9846.0,9800.0,0,2019,5,6,1,18022
9846.0,9846.0,9846.0,9800.0,0,2019,5,7,2,18023
9846.0,9846.0,9846.0,9800.0,0,2019,5,8,3,18024
9846.0,9846.0,9846.0,9800.0,0,2019,5,9,4,18025
9846.0,9846.0,9846.0,9800.0,0,2019,5,10,5,18026
9846.0,9846.0,9846.0,9800.0,0,2019,5,13,1,18029
9846.0,9846.0,9846.0,9800.0,0,2019,5,14,2,18030
9846.0,9846.0,9846.0,9800.0,0,2019,5,15,3,18031
9846.0,9846.0,9846.0,9800.0,0,2019,5,16,4,18032
9846.0,9846.0,9846.0,9800.0,0,2019,5,17,5,18033
9846.0,9846.0,9846.0,9800.0,0,2019,5,20,1,18036
9846.0,9846.0,9846.0,9800.0,0,2019,5,21,2,18037
9846.0,9846.0,9846.0,9800.0,0,2019,5,22,3,18038
9846.0,9846.0,9846.0,9800.0,0,2019,5,23,4,18039
9846.0,9846.0,9846.0,9800.0,0,2019,5,24,5,18040
9846.0,9846.0,9846.0,9800.0,0,2019,5,27,1,18043
9846.0,9846.0,9846.0,9800.0,0,2019,5,28,2,18044
9846.0,9846.0,9846.0,9800.0,0,2019,5,29,3,18045
9846.0,9846.0,9846.0,9800.0,0,2019,5,30,4,18046
9846.0,9846.0,9846.0,9800.0,0,2019,5,31,5,18047
9846.0,9846.0,9846.0,9800.0,0,2019,6,3,1,18050
9846.0,9846.0,9846.0,9800.0,0,2019,6,4,2,18051
9846.0,9846.0,9846.0,9800.0,0,2019,6,5,3,18052
9846.0,9846.0,9846.0,9800.0,0,2019,6,6,4,18053
9846.0,9846.0,9846.0,9800.0,0,2019,6,7,5,18054
9846.0,9846.0,9846.0,9800.0,0,2019,6,10,1,18057
9846.0,9846.0,9846.0,9800.0,0,2019,6,11,2,18058
9846.0,9846.0,9846.0,9800.0,0,2019,6,12,3,18059
9846.0,9846.0,9846.0,9800.0,0,2019,6,13,4,18060
9846.0,9846.0,9846.0,9800.0,0,2019,6,14,5,18061
9846.0,9846.0,9846.0,9800.0,0,2019,6,17,1,18064
9846.0,9846.0,9846.0,9800.0,0,2019,6,18,2,18065
9846.0,9846.0,9846.0,9800.0,0,2019,6,19,3,18066
5958.0,5958.0,5958.0,6000.0,9400,2019,6,20,4,18067
5958.0,5958.0,5958.0,6000.0,40,2019,6,21,5,18068
5958.0,5958.0,5958.0,6000.0,0,2019,6,24,1,18071
5958.0,5958.0,5958.0,6000.0,0,2019,6,25,2,18072
5958.0,5958.0,5958.0,6000.0,1100,2019,6,26,3,18073
5958.0,5958.0,5958.0,6000.0,0,2019,6,27,4,18074
5958.0,5958.0,5958.0,6000.0,0,2019,6,28,5,18075
5958.0,5958.0,5958.0,6000.0,0,2019,7,1,1,18078
5958.0,5958.0,5958.0,6000.0,0,2019,7,2,2,18079
5958.0,5958.0,5958.0,6000.0,0,2019,7,3,3,18080
5958.0,5958.0,5958.0,6000.0,0,2019,7,4,4,18081
5958.0,5958.0,5958.0,6000.0,0,2019,7,5,5,18082
5958.0,5958.0,5958.0,6000.0,0,2019,7,8,1,18085
5958.0,5958.0,5958.0,6000.0,0,2019,7,9,2,18086
5958.0,5958.0,5958.0,6000.0,0,2019,7,10,3,18087
5958.0,5958.0,5958.0,6000.0,0,2019,7,11,4,18088
5958.0,5958.0,5958.0,6000.0,0,2019,7,12,5,18089
5958.0,5958.0,5958.0,6000.0,0,2019,7,15,1,18092
5958.0,5958.0,5958.0,6000.0,0,2019,7,16,2,18093
5958.0,5958.0,5958.0,6000.0,0,2019,7,17,3,18094
5958.0,5958.0,5958.0,6000.0,0,2019,7,18,4,18095
5958.0,5958.0,5958.0,6000.0,0,2019,7,19,5,18096
5958.0,5958.0,5958.0,6000.0,0,2019,7,22,1,18099
5958.0,5958.0,5958.0,6000.0,0,2019,7,23,2,18100
5958.0,5958.0,5958.0,6000.0,0,2019,7,24,3,18101
5958.0,5958.0,5958.0,6000.0,0,2019,7,25,4,18102
5958.0,5958.0,5958.0,6000.0,0,2019,7,26,5,18103
5958.0,5958.0,5958.0,6000.0,0,2019,7,29,1,18106
5958.0,5958.0,5958.0,6000.0,0,2019,7,30,2,18107
5958.0,5958.0,5958.0,6000.0,0,2019,7,31,3,18108
5958.0,5958.0,5958.0,6000.0,0,2019,8,1,4,18109
5958.0,5958.0,5958.0,6000.0,0,2019,8,2,5,18110
5958.0,5958.0,5958.0,6000.0,0,2019,8,5,1,18113
5958.0,5958.0,5958.0,6000.0,0,2019,8,6,2,18114
5958.0,5958.0,5958.0,6000.0,0,2019,8,7,3,18115
5958.0,5958.0,5958.0,6000.0,0,2019,8,8,4,18116
5958.0,5958.0,5958.0,6000.0,0,2019,8,9,5,18117
5958.0,5958.0,5958.0,6000.0,0,2019,8,12,1,18120
5958.0,5958.0,5958.0,6000.0,0,2019,8,13,2,18121
5958.0,5958.0,5958.0,6000.0,0,2019,8,14,3,18122
5958.0,5958.0,5958.0,6000.0,0,2019,8,15,4,18123
5958.0,5958.0,5958.0,6000.0,0,2019,8,16,5,18124
5958.0,5958.0,5958.0,6000.0,0,2019,8,19,1,18127
5958.0,5958.0,5958.0,6000.0,0,2019,8,20,2,18128
5958.0,5958.0,5958.0,6000.0,0,2019,8,21,3,18129
5958.0,5958.0,5958.0,6000.0,0,2019,8,22,4,18130
5958.0,5958.0,5958.0,6000.0,0,2019,8,23,5,18131
5958.0,5958.0,5958.0,6000.0,0,2019,8,26,1,18134
5958.0,5958.0,5958.0,6000.0,0,2019,8,27,2,18135
5958.0,5958.0,5958.0,6000.0,0,2019,8,28,3,18136
7199.0,7199.0,7199.0,7200.0,100,2019,8,29,4,18137
7199.0,7199.0,7199.0,7200.0,0,2019,8,30,5,18138
7199.0,7199.0,7199.0,7200.0,0,2019,9,3,2,18142
8274.0,8274.0,8274.0,8300.0,100,2019,9,4,3,18143
8274.0,8274.0,8274.0,8300.0,0,2019,9,5,4,18144
8274.0,8274.0,8274.0,8300.0,0,2019,9,6,5,18145
8274.0,8274.0,8274.0,8300.0,0,2019,9,9,1,18148
8274.0,8274.0,8274.0,8300.0,0,2019,9,10,2,18149
8274.0,8274.0,8274.0,8300.0,0,2019,9,11,3,18150
8274.0,8274.0,8274.0,8300.0,0,2019,9,12,4,18151
8274.0,8274.0,8274.0,8300.0,0,2019,9,13,5,18152
8274.0,8274.0,8274.0,8300.0,0,2019,9,16,1,18155
8274.0,8274.0,8274.0,8300.0,0,2019,9,17,2,18156
8274.0,8274.0,8274.0,8300.0,0,2019,9,18,3,18157
8274.0,8274.0,8274.0,8300.0,0,2019,9,19,4,18158
8274.0,8274.0,8274.0,8300.0,0,2019,9,20,5,18159
8274.0,8274.0,8274.0,8300.0,0,2019,9,23,1,18162
8274.0,8274.0,8274.0,8300.0,0,2019,9,24,2,18163
8274.0,8274.0,8274.0,8300.0,0,2019,9,25,3,18164
8274.0,8274.0,8274.0,8300.0,0,2019,9,26,4,18165
8274.0,8274.0,8274.0,8300.0,0,2019,9,27,5,18166
8274.0,8274.0,8274.0,8300.0,0,2019,9,30,1,18169
8274.0,8274.0,8274.0,8300.0,0,2019,10,1,2,18170
8274.0,8274.0,8274.0,8300.0,0,2019,10,2,3,18171
8274.0,8274.0,8274.0,8300.0,0,2019,10,3,4,18172
8274.0,8274.0,8274.0,8300.0,0,2019,10,4,5,18173
8274.0,8274.0,8274.0,8300.0,0,2019,10,7,1,18176
8274.0,8274.0,8274.0,8300.0,0,2019,10,8,2,18177
8274.0,8274.0,8274.0,8300.0,0,2019,10,9,3,18178
8274.0,8274.0,8274.0,8300.0,0,2019,10,10,4,18179
10095.0,10095.0,10095.0,10100.0,100,2019,10,11,5,18180
10095.0,10095.0,10095.0,10100.0,0,2019,10,14,1,18183
10095.0,10095.0,10095.0,10100.0,0,2019,10,15,2,18184
10095.0,10095.0,10095.0,10100.0,0,2019,10,16,3,18185
10095.0,10095.0,10095.0,10100.0,0,2019,10,17,4,18186
10095.0,10095.0,10095.0,10100.0,0,2019,10,18,5,18187
10095.0,10095.0,10095.0,10100.0,0,2019,10,21,1,18190
10095.0,10095.0,10095.0,10100.0,0,2019,10,22,2,18191
10095.0,10095.0,10095.0,10100.0,0,2019,10,23,3,18192
10095.0,10095.0,10095.0,10100.0,0,2019,10,24,4,18193
10095.0,10095.0,10095.0,10100.0,0,2019,10,25,5,18194
10095.0,10095.0,10095.0,10100.0,0,2019,10,28,1,18197
10095.0,10095.0,10095.0,10100.0,0,2019,10,29,2,18198
10095.0,10095.0,10095.0,10100.0,0,2019,10,30,3,18199
10095.0,10095.0,10095.0,10100.0,0,2019,10,31,4,18200
10095.0,10095.0,10095.0,10100.0,0,2019,11,1,5,18201
10095.0,10095.0,10095.0,10100.0,0,2019,11,4,1,18204
10095.0,10095.0,10095.0,10100.0,0,2019,11,5,2,18205
10095.0,10095.0,10095.0,10100.0,0,2019,11,6,3,18206
10095.0,10095.0,10095.0,10100.0,0,2019,11,7,4,18207
10095.0,10095.0,10095.0,10100.0,0,2019,11,8,5,18208
10095.0,10095.0,10095.0,10100.0,0,2019,11,11,1,18211
10095.0,10095.0,10095.0,10100.0,0,2019,11,12,2,18212
10095.0,10095.0,10095.0,10100.0,0,2019,11,13,3,18213
10095.0,10095.0,10095.0,10100.0,0,2019,11,14,4,18214
10095.0,10095.0,10095.0,10100.0,0,2019,11,15,5,18215
10095.0,10095.0,10095.0,10100.0,0,2019,11,18,1,18218
10095.0,10095.0,10095.0,10100.0,0,2019,11,19,2,18219
10095.0,10095.0,10095.0,10100.0,0,2019,11,20,3,18220
10095.0,10095.0,10095.0,10100.0,0,2019,11,21,4,18221
10095.0,10095.0,10095.0,10100.0,0,2019,11,22,5,18222
10095.0,10095.0,10095.0,10100.0,0,2019,11,25,1,18225
10095.0,10095.0,10095.0,10100.0,0,2019,11,26,2,18226
10095.0,10095.0,10095.0,10100.0,0,2019,11,27,3,18227
10095.0,10095.0,10095.0,10100.0,0,2019,11,28,4,18228
10095.0,10095.0,10095.0,10100.0,0,2019,11,29,5,18229
10095.0,10095.0,10095.0,10100.0,0,2019,12,2,1,18232
10095.0,10095.0,10095.0,10100.0,0,2019,12,3,2,18233
10095.0,10095.0,10095.0,10100.0,0,2019,12,4,3,18234
10095.0,10095.0,10095.0,10100.0,0,2019,12,5,4,18235
10095.0,10095.0,10095.0,10100.0,0,2019,12,6,5,18236
10095.0,10095.0,10095.0,10100.0,0,2019,12,9,1,18239
10095.0,10095.0,10095.0,10100.0,0,2019,12,10,2,18240
10095.0,10095.0,10095.0,10100.0,0,2019,12,11,3,18241
10095.0,10095.0,10095.0,10100.0,0,2019,12,12,4,18242
10095.0,10095.0,10095.0,10100.0,0,2019,12,13,5,18243
10095.0,10095.0,10095.0,10100.0,0,2019,12,16,1,18246
10095.0,10095.0,10095.0,10100.0,0,2019,12,17,2,18247
10095.0,10095.0,10095.0,10100.0,0,2019,12,18,3,18248
10095.0,10095.0,10095.0,10100.0,0,2019,12,19,4,18249
10095.0,10095.0,10095.0,10100.0,0,2019,12,20,5,18250
10095.0,10095.0,10095.0,10100.0,0,2019,12,23,1,18253
10095.0,10095.0,10095.0,10100.0,0,2019,12,24,2,18254
10095.0,10095.0,10095.0,10100.0,0,2019,12,25,3,18255
10095.0,10095.0,10095.0,10100.0,0,2019,12,26,4,18256
10095.0,10095.0,10095.0,10100.0,0,2019,12,27,5,18257
10095.0,10095.0,10095.0,10100.0,0,2019,12,30,1,18260
10095.0,10095.0,10095.0,10100.0,0,2019,12,31,2,18261
10095.0,10095.0,10095.0,10100.0,0,2020,1,2,4,18263
10095.0,10095.0,10095.0,10100.0,0,2020,1,3,5,18264
10095.0,10095.0,10095.0,10100.0,0,2020,1,6,1,18267
12163.0,12163.0,12163.0,12200.0,100,2020,1,7,2,18268
12163.0,12163.0,12163.0,12200.0,0,2020,1,8,3,18269
12163.0,12163.0,12163.0,12200.0,0,2020,1,9,4,18270
12163.0,12163.0,12163.0,12200.0,0,2020,1,10,5,18271
12163.0,12163.0,12163.0,12200.0,0,2020,1,13,1,18274
12163.0,12163.0,12163.0,12200.0,0,2020,1,14,2,18275
12163.0,12163.0,12163.0,12200.0,0,2020,1,15,3,18276
12163.0,12163.0,12163.0,12200.0,0,2020,1,16,4,18277
12163.0,12163.0,12163.0,12200.0,0,2020,1,17,5,18278
12163.0,12163.0,12163.0,12200.0,0,2020,1,20,1,18281
12163.0,12163.0,12163.0,12200.0,0,2020,1,21,2,18282
12163.0,12163.0,12163.0,12200.0,0,2020,1,22,3,18283
12163.0,12163.0,12163.0,12200.0,0,2020,1,30,4,18291
12163.0,12163.0,12163.0,12200.0,0,2020,1,31,5,18292
12163.0,12163.0,12163.0,12200.0,0,2020,2,3,1,18295
12163.0,12163.0,12163.0,12200.0,0,2020,2,4,2,18296
12163.0,12163.0,12163.0,12200.0,0,2020,2,5,3,18297
12163.0,12163.0,12163.0,12200.0,0,2020,2,6,4,18298
12163.0,12163.0,12163.0,12200.0,0,2020,2,7,5,18299
12163.0,12163.0,12163.0,12200.0,0,2020,2,10,1,18302
12163.0,12163.0,12163.0,12200.0,0,2020,2,11,2,18303
12163.0,12163.0,12163.0,12200.0,0,2020,2,12,3,18304
12163.0,12163.0,12163.0,12200.0,0,2020,2,13,4,18305
12163.0,12163.0,12163.0,12200.0,0,2020,2,14,5,18306
10343.0,12411.0,12411.0,10900.0,400,2020,2,17,1,18309
10839.0,10839.0,10839.0,10800.0,0,2020,2,18,2,18310
10839.0,10839.0,10839.0,10800.0,0,2020,2,19,3,18311
10839.0,10839.0,10839.0,10800.0,0,2020,2,20,4,18312
10839.0,10839.0,10839.0,10800.0,0,2020,2,21,5,18313
10839.0,10839.0,10839.0,10800.0,0,2020,2,24,1,18316
10839.0,10839.0,10839.0,10800.0,0,2020,2,25,2,18317
10839.0,10839.0,10839.0,10800.0,0,2020,2,26,3,18318
10839.0,10839.0,10839.0,10800.0,0,2020,2,27,4,18319
10839.0,10839.0,10839.0,10800.0,0,2020,2,28,5,18320
10839.0,10839.0,10839.0,10800.0,0,2020,3,2,1,18323
10839.0,10839.0,10839.0,10800.0,0,2020,3,3,2,18324
10839.0,10839.0,10839.0,10800.0,0,2020,3,4,3,18325
10839.0,10839.0,10839.0,10800.0,0,2020,3,5,4,18326
10839.0,10839.0,10839.0,10800.0,0,2020,3,6,5,18327
10839.0,10839.0,10839.0,10800.0,0,2020,3,9,1,18330
10839.0,10839.0,10839.0,10800.0,0,2020,3,10,2,18331
10839.0,10839.0,10839.0,10800.0,0,2020,3,11,3,18332
10839.0,10839.0,10839.0,10800.0,0,2020,3,12,4,18333
10839.0,10839.0,10839.0,10800.0,0,2020,3,13,5,18334
10839.0,10839.0,10839.0,10800.0,0,2020,3,16,1,18337
10839.0,10839.0,10839.0,10800.0,0,2020,3,17,2,18338
12080.0,12080.0,12080.0,12100.0,100,2020,3,18,3,18339
12080.0,12080.0,12080.0,12100.0,0,2020,3,19,4,18340
12080.0,12080.0,12080.0,12100.0,0,2020,3,20,5,18341
12080.0,12080.0,12080.0,12100.0,0,2020,3,23,1,18344
12080.0,12080.0,12080.0,12100.0,0,2020,3,24,2,18345
12080.0,12080.0,12080.0,12100.0,0,2020,3,25,3,18346
12080.0,12080.0,12080.0,12100.0,0,2020,3,26,4,18347
12080.0,12080.0,12080.0,12100.0,0,2020,3,27,5,18348
12080.0,12080.0,12080.0,12100.0,0,2020,3,30,1,18351
12080.0,12080.0,12080.0,12100.0,0,2020,3,31,2,18352
12080.0,12080.0,12080.0,12100.0,0,2020,4,1,3,18353
12080.0,12080.0,12080.0,12100.0,0,2020,4,3,5,18355
12080.0,12080.0,12080.0,12100.0,0,2020,4,6,1,18358
12080.0,12080.0,12080.0,12100.0,0,2020,4,7,2,18359
12080.0,12080.0,12080.0,12100.0,0,2020,4,8,3,18360
12080.0,12080.0,12080.0,12100.0,0,2020,4,9,4,18361
12080.0,12080.0,12080.0,12100.0,0,2020,4,10,5,18362
12080.0,12080.0,12080.0,12100.0,0,2020,4,13,1,18365
12080.0,12080.0,12080.0,12100.0,0,2020,4,14,2,18366
12080.0,12080.0,12080.0,12100.0,0,2020,4,15,3,18367
12080.0,12080.0,12080.0,12100.0,0,2020,4,16,4,18368
12080.0,12080.0,12080.0,12100.0,0,2020,4,17,5,18369
12080.0,12080.0,12080.0,12100.0,0,2020,4,20,1,18372
11998.0,11998.0,11998.0,12000.0,100,2020,4,21,2,18373
11998.0,11998.0,11998.0,12000.0,0,2020,4,22,3,18374
11998.0,11998.0,11998.0,12000.0,0,2020,4,23,4,18375
11998.0,11998.0,11998.0,12000.0,0,2020,4,24,5,18376
11998.0,11998.0,11998.0,12000.0,0,2020,4,27,1,18379
11998.0,11998.0,11998.0,12000.0,0,2020,4,28,2,18380
11998.0,11998.0,11998.0,12000.0,0,2020,4,29,3,18381
11998.0,11998.0,11998.0,12000.0,0,2020,5,4,1,18386
11998.0,11998.0,11998.0,12000.0,0,2020,5,5,2,18387
11998.0,11998.0,11998.0,12000.0,0,2020,5,6,3,18388
11998.0,11998.0,11998.0,12000.0,0,2020,5,7,4,18389
11998.0,11998.0,11998.0,12000.0,0,2020,5,8,5,18390
11998.0,11998.0,11998.0,12000.0,0,2020,5,11,1,18393
11998.0,11998.0,11998.0,12000.0,0,2020,5,12,2,18394
11998.0,11998.0,11998.0,12000.0,0,2020,5,13,3,18395
11998.0,11998.0,11998.0,12000.0,0,2020,5,14,4,18396
11998.0,11998.0,11998.0,12000.0,0,2020,5,15,5,18397
11998.0,11998.0,11998.0,12000.0,0,2020,5,18,1,18400
11998.0,11998.0,11998.0,12000.0,0,2020,5,19,2,18401
11998.0,11998.0,11998.0,12000.0,0,2020,5,20,3,18402
11998.0,11998.0,11998.0,12000.0,0,2020,5,21,4,18403
11998.0,11998.0,11998.0,12000.0,0,2020,5,22,5,18404
11998.0,11998.0,11998.0,12000.0,0,2020,5,25,1,18407
13239.0,13239.0,13239.0,13200.0,100,2020,5,26,2,18408
13239.0,13239.0,13239.0,13200.0,0,2020,5,27,3,18409
13239.0,13239.0,13239.0,13200.0,0,2020,5,28,4,18410
13239.0,13239.0,13239.0,13200.0,0,2020,5,29,5,18411
13239.0,13239.0,13239.0,13200.0,0,2020,6,1,1,18414
13239.0,13239.0,13239.0,13200.0,0,2020,6,2,2,18415
13239.0,13239.0,13239.0,13200.0,0,2020,6,3,3,18416
13239.0,13239.0,13239.0,13200.0,0,2020,6,4,4,18417
13239.0,13239.0,13239.0,13200.0,0,2020,6,5,5,18418
13239.0,13239.0,13239.0,13200.0,0,2020,6,8,1,18421
13239.0,13239.0,13239.0,13200.0,0,2020,6,9,2,18422
13239.0,13239.0,13239.0,13200.0,0,2020,6,10,3,18423
13239.0,13239.0,13239.0,13200.0,0,2020,6,11,4,18424
13239.0,13239.0,13239.0,13200.0,0,2020,6,12,5,18425
13239.0,13239.0,13239.0,13200.0,0,2020,6,15,1,18428
13239.0,13239.0,13239.0,13200.0,0,2020,6,16,2,18429
13239.0,13239.0,13239.0,13200.0,0,2020,6,17,3,18430
13239.0,13239.0,13239.0,13200.0,0,2020,6,18,4,18431
13239.0,13239.0,13239.0,13200.0,0,2020,6,19,5,18432
13239.0,13239.0,13239.0,13200.0,0,2020,6,22,1,18435
13239.0,13239.0,13239.0,13200.0,0,2020,6,23,2,18436
13239.0,13239.0,13239.0,13200.0,0,2020,6,24,3,18437
13239.0,13239.0,13239.0,13200.0,0,2020,6,25,4,18438
13239.0,13239.0,13239.0,13200.0,0,2020,6,26,5,18439
13239.0,13239.0,13239.0,13200.0,0,2020,6,29,1,18442
13239.0,13239.0,13239.0,13200.0,0,2020,6,30,2,18443
12629.0,12629.0,12629.0,12600.0,100,2020,7,1,3,18444
12629.0,12629.0,12629.0,12600.0,0,2020,7,2,4,18445
12629.0,12629.0,12629.0,12600.0,0,2020,7,3,5,18446
12629.0,12629.0,12629.0,12600.0,0,2020,7,6,1,18449
12629.0,12629.0,12629.0,12600.0,0,2020,7,7,2,18450
12629.0,12629.0,12629.0,12600.0,0,2020,7,8,3,18451
12629.0,12629.0,12629.0,12600.0,0,2020,7,9,4,18452
12629.0,12629.0,12629.0,12600.0,0,2020,7,10,5,18453
12629.0,12629.0,12629.0,12600.0,0,2020,7,13,1,18456
12629.0,12629.0,12629.0,12600.0,0,2020,7,14,2,18457
12629.0,12629.0,12629.0,12600.0,0,2020,7,15,3,18458
12629.0,12629.0,12629.0,12600.0,0,2020,7,16,4,18459
12629.0,12629.0,12629.0,12600.0,0,2020,7,17,5,18460
12629.0,12629.0,12629.0,12600.0,0,2020,7,20,1,18463
12629.0,12629.0,12629.0,12600.0,0,2020,7,21,2,18464
12629.0,12629.0,12629.0,12600.0,0,2020,7,22,3,18465
10800.0,10800.0,10800.0,10800.0,100,2020,7,23,4,18466
9232.0,9232.0,9232.0,9200.0,200,2020,7,24,5,18467
8710.0,8710.0,8710.0,8700.0,200,2020,7,27,1,18470
8274.0,8274.0,8274.0,8300.0,100,2020,7,28,2,18471
8274.0,8274.0,8274.0,8300.0,0,2020,7,29,3,18472
9494.0,9494.0,9494.0,9500.0,100,2020,7,30,4,18473
8100.0,8274.0,8274.0,8100.0,3000,2020,7,31,5,18474
7665.0,7839.0,7839.0,7700.0,1900,2020,8,3,1,18477
7665.0,7665.0,7665.0,7700.0,100,2020,8,4,2,18478
7665.0,7665.0,7665.0,7700.0,0,2020,8,5,3,18479
7839.0,7839.0,7839.0,7800.0,100,2020,8,6,4,18480
7839.0,7839.0,7839.0,7800.0,0,2020,8,7,5,18481
7839.0,7839.0,7839.0,7800.0,0,2020,8,10,1,18484
7839.0,7839.0,7839.0,7800.0,0,2020,8,11,2,18485
8971.0,8971.0,8971.0,9000.0,100,2020,8,12,3,18486
8971.0,8971.0,8971.0,9000.0,0,2020,8,13,4,18487
8274.0,8274.0,8274.0,8300.0,100,2020,8,14,5,18488
8274.0,8274.0,8274.0,8300.0,0,2020,8,17,1,18491
8274.0,8274.0,8274.0,8300.0,0,2020,8,18,2,18492
8274.0,8274.0,8274.0,8300.0,0,2020,8,19,3,18493
8274.0,8274.0,8274.0,8300.0,0,2020,8,20,4,18494
8274.0,8274.0,8274.0,8300.0,0,2020,8,21,5,18495
8274.0,8274.0,8274.0,8300.0,0,2020,8,24,1,18498
8274.0,8274.0,8274.0,8300.0,0,2020,8,25,2,18499
8274.0,8274.0,8274.0,8300.0,0,2020,8,26,3,18500
8274.0,8274.0,8274.0,8300.0,0,2020,8,27,4,18501
8274.0,8274.0,8274.0,8300.0,0,2020,8,28,5,18502
8274.0,8274.0,8274.0,8300.0,0,2020,8,31,1,18505
8274.0,8274.0,8274.0,8300.0,0,2020,9,1,2,18506
8274.0,8274.0,8274.0,8300.0,0,2020,9,3,4,18508
8274.0,8274.0,8274.0,8300.0,0,2020,9,4,5,18509
8274.0,8274.0,8274.0,8300.0,0,2020,9,7,1,18512
8274.0,8274.0,8274.0,8300.0,0,2020,9,8,2,18513
8274.0,8274.0,8274.0,8300.0,0,2020,9,9,3,18514
8274.0,8274.0,8274.0,8300.0,0,2020,9,10,4,18515
8274.0,8274.0,8274.0,8300.0,0,2020,9,11,5,18516
8274.0,8274.0,8274.0,8300.0,0,2020,9,14,1,18519
8274.0,8274.0,8274.0,8300.0,0,2020,9,15,2,18520
8274.0,8274.0,8274.0,8300.0,0,2020,9,16,3,18521
8274.0,8274.0,8274.0,8300.0,0,2020,9,17,4,18522
8274.0,8274.0,8274.0,8300.0,0,2020,9,18,5,18523
8274.0,8274.0,8274.0,8300.0,0,2020,9,21,1,18526
8274.0,8274.0,8274.0,8300.0,0,2020,9,22,2,18527
8274.0,8274.0,8274.0,8300.0,0,2020,9,23,3,18528
8274.0,8274.0,8274.0,8300.0,0,2020,9,24,4,18529
8274.0,8274.0,8274.0,8300.0,0,2020,9,25,5,18530
8274.0,8274.0,8274.0,8300.0,0,2020,9,28,1,18533
8274.0,8274.0,8274.0,8300.0,0,2020,9,29,2,18534
8274.0,8274.0,8274.0,8300.0,0,2020,9,30,3,18535
8274.0,8274.0,8274.0,8300.0,0,2020,10,1,4,18536
8274.0,8274.0,8274.0,8300.0,0,2020,10,2,5,18537
8274.0,8274.0,8274.0,8300.0,0,2020,10,5,1,18540
8274.0,8274.0,8274.0,8300.0,0,2020,10,6,2,18541
8274.0,8274.0,8274.0,8300.0,0,2020,10,7,3,18542
8274.0,8274.0,8274.0,8300.0,0,2020,10,8,4,18543
8274.0,8274.0,8274.0,8300.0,0,2020,10,9,5,18544
8274.0,8274.0,8274.0,8300.0,0,2020,10,12,1,18547
8274.0,8274.0,8274.0,8300.0,0,2020,10,13,2,18548
8274.0,8274.0,8274.0,8300.0,0,2020,10,14,3,18549
8274.0,8274.0,8274.0,8300.0,0,2020,10,15,4,18550
8274.0,8274.0,8274.0,8300.0,0,2020,10,16,5,18551
8274.0,8274.0,8274.0,8300.0,0,2020,10,19,1,18554
8274.0,8274.0,8274.0,8300.0,0,2020,10,20,2,18555
8274.0,8274.0,8274.0,8300.0,0,2020,10,21,3,18556
8274.0,8274.0,8274.0,8300.0,0,2020,10,22,4,18557
8274.0,8274.0,8274.0,8300.0,0,2020,10,23,5,18558
8274.0,8274.0,8274.0,8300.0,0,2020,10,26,1,18561
8274.0,8274.0,8274.0,8300.0,0,2020,10,27,2,18562
8274.0,8274.0,8274.0,8300.0,0,2020,10,28,3,18563
8274.0,8274.0,8274.0,8300.0,0,2020,10,29,4,18564
11584.0,11584.0,11584.0,11600.0,100,2020,10,30,5,18565
11584.0,11584.0,11584.0,11600.0,0,2020,11,2,1,18568
11584.0,11584.0,11584.0,11600.0,0,2020,11,3,2,18569
11584.0,11584.0,11584.0,11600.0,0,2020,11,4,3,18570
11584.0,11584.0,11584.0,11600.0,0,2020,11,5,4,18571
11584.0,11584.0,11584.0,11600.0,0,2020,11,6,5,18572
11584.0,11584.0,11584.0,11600.0,0,2020,11,9,1,18575
11584.0,11584.0,11584.0,11600.0,0,2020,11,10,2,18576
11584.0,11584.0,11584.0,11600.0,0,2020,11,11,3,18577
11584.0,11584.0,11584.0,11600.0,0,2020,11,12,4,18578
11584.0,11584.0,11584.0,11600.0,0,2020,11,13,5,18579
11584.0,11584.0,11584.0,11600.0,0,2020,11,16,1,18582
11584.0,11584.0,11584.0,11600.0,0,2020,11,17,2,18583
11584.0,11584.0,11584.0,11600.0,0,2020,11,18,3,18584
11584.0,11584.0,11584.0,11600.0,0,2020,11,19,4,18585
11584.0,11584.0,11584.0,11600.0,0,2020,11,20,5,18586
11584.0,11584.0,11584.0,11600.0,0,2020,11,23,1,18589
11584.0,11584.0,11584.0,11600.0,0,2020,11,24,2,18590
11584.0,11584.0,11584.0,11600.0,0,2020,11,25,3,18591
11584.0,11584.0,11584.0,11600.0,0,2020,11,26,4,18592
11584.0,11584.0,11584.0,11600.0,0,2020,11,27,5,18593
11584.0,11584.0,11584.0,11600.0,0,2020,11,30,1,18596
11584.0,11584.0,11584.0,11600.0,0,2020,12,1,2,18597
11584.0,11584.0,11584.0,11600.0,0,2020,12,2,3,18598
11584.0,11584.0,11584.0,11600.0,0,2020,12,3,4,18599
11584.0,11584.0,11584.0,11600.0,0,2020,12,4,5,18600
11584.0,11584.0,11584.0,11600.0,0,2020,12,7,1,18603
11584.0,11584.0,11584.0,11600.0,0,2020,12,8,2,18604
11584.0,11584.0,11584.0,11600.0,0,2020,12,9,3,18605
11584.0,11584.0,11584.0,11600.0,0,2020,12,10,4,18606
11584.0,11584.0,11584.0,11600.0,0,2020,12,11,5,18607
11584.0,11584.0,11584.0,11600.0,0,2020,12,14,1,18610
11584.0,11584.0,11584.0,11600.0,0,2020,12,15,2,18611
11584.0,11584.0,11584.0,11600.0,0,2020,12,16,3,18612
11584.0,11584.0,11584.0,11600.0,0,2020,12,17,4,18613
11584.0,11584.0,11584.0,11600.0,0,2020,12,18,5,18614
11584.0,11584.0,11584.0,11600.0,0,2020,12,21,1,18617
11584.0,11584.0,11584.0,11600.0,0,2020,12,22,2,18618
11584.0,11584.0,11584.0,11600.0,0,2020,12,23,3,18619
11584.0,11584.0,11584.0,11600.0,0,2020,12,24,4,18620
11584.0,11584.0,11584.0,11600.0,0,2020,12,25,5,18621
11584.0,11584.0,11584.0,11600.0,0,2020,12,28,1,18624
11584.0,11584.0,11584.0,11600.0,0,2020,12,29,2,18625
11584.0,11584.0,11584.0,11600.0,0,2020,12,30,3,18626
11584.0,11584.0,11584.0,11600.0,0,2020,12,31,4,18627
11584.0,11584.0,11584.0,11600.0,0,2021,1,4,1,18631
11584.0,11584.0,11584.0,11600.0,0,2021,1,5,2,18632
11584.0,11584.0,11584.0,11600.0,0,2021,1,6,3,18633
11584.0,11584.0,11584.0,11600.0,0,2021,1,7,4,18634
11584.0,11584.0,11584.0,11600.0,0,2021,1,8,5,18635
11584.0,11584.0,11584.0,11600.0,100,2021,1,11,1,18638
11584.0,11584.0,11584.0,11600.0,0,2021,1,12,2,18639
11584.0,11584.0,11584.0,11600.0,0,2021,1,13,3,18640
11584.0,11584.0,11584.0,11600.0,100,2021,1,14,4,18641
11584.0,11584.0,11584.0,11600.0,0,2021,1,15,5,18642
11584.0,11584.0,11584.0,11600.0,0,2021,1,18,1,18645
11584.0,11584.0,11584.0,11600.0,0,2021,1,19,2,18646
11584.0,11584.0,11584.0,11600.0,0,2021,1,20,3,18647
11584.0,11584.0,11584.0,11600.0,0,2021,1,21,4,18648
11584.0,11584.0,11584.0,11600.0,0,2021,1,22,5,18649
13065.0,13065.0,13065.0,13100.0,100,2021,1,25,1,18652
13065.0,13065.0,13065.0,13100.0,0,2021,1,26,2,18653
13065.0,13065.0,13065.0,13100.0,0,2021,1,27,3,18654
13065.0,13065.0,13065.0,13100.0,0,2021,1,28,4,18655
13065.0,13065.0,13065.0,13100.0,0,2021,1,29,5,18656
13065.0,13065.0,13065.0,13100.0,0,2021,2,1,1,18659
13065.0,13065.0,13065.0,13100.0,0,2021,2,2,2,18660
13065.0,13065.0,13065.0,13100.0,0,2021,2,3,3,18661
13065.0,13065.0,13065.0,13100.0,0,2021,2,4,4,18662
13065.0,13065.0,13065.0,13100.0,0,2021,2,5,5,18663
13065.0,13065.0,13065.0,13100.0,0,2021,2,8,1,18666
13065.0,13065.0,13065.0,13100.0,0,2021,2,9,2,18667
13065.0,13065.0,13065.0,13100.0,0,2021,2,17,3,18675
13065.0,13065.0,13065.0,13100.0,0,2021,2,18,4,18676
11149.0,11149.0,11149.0,11100.0,1900,2021,2,19,5,18677
11149.0,11149.0,11149.0,11100.0,0,2021,2,22,1,18680
11758.0,12194.0,12194.0,11800.0,500,2021,2,23,2,18681
11323.0,11323.0,11323.0,11300.0,100,2021,2,24,3,18682
11323.0,11323.0,11323.0,11300.0,1,2021,2,25,4,18683
11845.0,11845.0,11845.0,11800.0,100,2021,2,26,5,18684
11845.0,11845.0,11845.0,11800.0,0,2021,3,1,1,18687
11845.0,11845.0,11845.0,11800.0,0,2021,3,2,2,18688
11497.0,11758.0,11671.0,11600.0,1300,2021,3,3,3,18689
11671.0,11671.0,11671.0,11700.0,0,2021,3,4,4,18690
11671.0,11671.0,11671.0,11700.0,0,2021,3,5,5,18691
11671.0,11671.0,11671.0,11700.0,0,2021,3,8,1,18694
11671.0,11671.0,11671.0,11700.0,19,2021,3,9,2,18695
11671.0,11671.0,11671.0,11700.0,0,2021,3,10,3,18696
11671.0,11671.0,11671.0,11700.0,0,2021,3,11,4,18697
11671.0,11671.0,11671.0,11700.0,0,2021,3,12,5,18698
11671.0,11671.0,11671.0,11700.0,0,2021,3,15,1,18701
11671.0,11671.0,11671.0,11700.0,0,2021,3,16,2,18702
11671.0,11671.0,11671.0,11700.0,0,2021,3,17,3,18703
11671.0,11671.0,11671.0,11700.0,0,2021,3,18,4,18704
11671.0,11671.0,11671.0,11700.0,210,2021,3,19,5,18705
11671.0,11671.0,11671.0,11700.0,0,2021,3,22,1,18708
11671.0,11671.0,11671.0,11700.0,0,2021,3,23,2,18709
11671.0,11671.0,11671.0,11700.0,0,2021,3,24,3,18710
11671.0,11671.0,11671.0,11700.0,0,2021,3,25,4,18711
11671.0,11671.0,11671.0,11700.0,0,2021,3,26,5,18712
11671.0,11671.0,11671.0,11700.0,0,2021,3,29,1,18715
11671.0,11671.0,11671.0,11700.0,0,2021,3,30,2,18716
11671.0,11671.0,11671.0,11700.0,0,2021,3,31,3,18717
11671.0,11671.0,11671.0,11700.0,0,2021,4,1,4,18718
11671.0,11671.0,11671.0,11700.0,0,2021,4,2,5,18719
11671.0,11671.0,11671.0,11700.0,0,2021,4,5,1,18722
11671.0,11671.0,11671.0,11700.0,0,2021,4,6,2,18723
11671.0,11671.0,11671.0,11700.0,0,2021,4,7,3,18724
11671.0,11671.0,11671.0,11700.0,0,2021,4,8,4,18725
11671.0,11671.0,11671.0,11700.0,0,2021,4,9,5,18726
11758.0,11758.0,11758.0,11800.0,910,2021,4,12,1,18729
11758.0,11758.0,11758.0,11800.0,0,2021,4,13,2,18730
11758.0,11758.0,11758.0,11800.0,0,2021,4,14,3,18731
11758.0,11758.0,11758.0,11800.0,0,2021,4,15,4,18732
11758.0,11758.0,11758.0,11800.0,0,2021,4,16,5,18733
11758.0,11758.0,11758.0,11800.0,0,2021,4,19,1,18736
11758.0,11758.0,11758.0,11800.0,0,2021,4,20,2,18737
11758.0,11758.0,11758.0,11800.0,0,2021,4,22,4,18739
11758.0,11758.0,11758.0,11800.0,0,2021,4,23,5,18740
11758.0,11758.0,11758.0,11800.0,0,2021,4,26,1,18743
11758.0,11758.0,11758.0,11800.0,0,2021,4,27,2,18744
11758.0,11758.0,11758.0,11800.0,0,2021,4,28,3,18745
11758.0,11758.0,11758.0,11800.0,0,2021,4,29,4,18746
11758.0,11758.0,11758.0,11800.0,0,2021,5,4,2,18751
11758.0,11758.0,11758.0,11800.0,0,2021,5,5,3,18752
11758.0,11758.0,11758.0,11800.0,0,2021,5,6,4,18753
11758.0,11758.0,11758.0,11800.0,0,2021,5,7,5,18754
11758.0,11758.0,11758.0,11800.0,0,2021,5,10,1,18757
11758.0,11758.0,11758.0,11800.0,4000,2021,5,11,2,18758
11758.0,11758.0,11758.0,11800.0,0,2021,5,12,3,18759
11758.0,11758.0,11758.0,11800.0,0,2021,5,13,4,18760
11758.0,11758.0,11758.0,11800.0,0,2021,5,14,5,18761
11758.0,11758.0,11758.0,11800.0,0,2021,5,17,1,18764
11758.0,11758.0,11758.0,11800.0,0,2021,5,18,2,18765
11758.0,11758.0,11758.0,11800.0,0,2021,5,19,3,18766
11758.0,11758.0,11758.0,11800.0,0,2021,5,20,4,18767
11932.0,11932.0,11932.0,11900.0,100,2021,5,21,5,18768
11932.0,11932.0,11932.0,11900.0,0,2021,5,24,1,18771
11933.0,11933.0,11933.0,11900.0,0,2021,5,25,2,18772
11933.0,11933.0,11933.0,11900.0,0,2021,5,26,3,18773
11933.0,11933.0,11933.0,11900.0,0,2021,5,27,4,18774
11933.0,11933.0,11933.0,11900.0,0,2021,5,28,5,18775
11933.0,11933.0,11933.0,11900.0,1300,2021,5,31,1,18778
11933.0,11933.0,11933.0,11900.0,0,2021,6,1,2,18779
11933.0,11933.0,11933.0,11900.0,0,2021,6,2,3,18780
11933.0,11933.0,11933.0,11900.0,0,2021,6,3,4,18781
11933.0,11933.0,11933.0,11900.0,0,2021,6,4,5,18782
11933.0,11933.0,11933.0,11900.0,0,2021,6,7,1,18785
11933.0,11933.0,11933.0,11900.0,0,2021,6,8,2,18786
11933.0,11933.0,11933.0,11900.0,0,2021,6,9,3,18787
11933.0,11933.0,11933.0,11900.0,0,2021,6,10,4,18788
11933.0,11933.0,11933.0,11900.0,0,2021,6,11,5,18789
10175.0,10175.0,10175.0,10200.0,1300,2021,6,14,1,18792
10175.0,10175.0,10175.0,10200.0,0,2021,6,15,2,18793
10175.0,10175.0,10175.0,10200.0,0,2021,6,16,3,18794
10175.0,10175.0,10175.0,10200.0,0,2021,6,17,4,18795
10175.0,10175.0,10175.0,10200.0,0,2021,6,18,5,18796
10175.0,10175.0,10175.0,10200.0,0,2021,6,21,1,18799
10175.0,10175.0,10175.0,10200.0,0,2021,6,22,2,18800
10175.0,10175.0,10175.0,10200.0,0,2021,6,23,3,18801
10175.0,10175.0,10175.0,10200.0,0,2021,6,24,4,18802
10175.0,10175.0,10175.0,10200.0,0,2021,6,25,5,18803
10175.0,10175.0,10175.0,10200.0,0,2021,6,28,1,18806
10175.0,10175.0,10175.0,10200.0,0,2021,6,29,2,18807
10175.0,10175.0,10175.0,10200.0,0,2021,6,30,3,18808
10175.0,10175.0,10175.0,10200.0,0,2021,7,1,4,18809
10175.0,10175.0,10175.0,10200.0,0,2021,7,2,5,18810
10175.0,10175.0,10175.0,10200.0,0,2021,7,5,1,18813
10175.0,10175.0,10175.0,10200.0,0,2021,7,6,2,18814
10175.0,10175.0,10175.0,10200.0,0,2021,7,7,3,18815
10175.0,10175.0,10175.0,10200.0,0,2021,7,8,4,18816
10175.0,10175.0,10175.0,10200.0,0,2021,7,9,5,18817
10175.0,10175.0,10175.0,10200.0,0,2021,7,12,1,18820
10175.0,10175.0,10175.0,10200.0,0,2021,7,13,2,18821
10175.0,10175.0,10175.0,10200.0,0,2021,7,14,3,18822
10175.0,10175.0,10175.0,10200.0,0,2021,7,15,4,18823
10175.0,10175.0,10175.0,10200.0,800,2021,7,16,5,18824
10175.0,10175.0,10175.0,10200.0,0,2021,7,19,1,18827
10175.0,10175.0,10175.0,10200.0,0,2021,7,20,2,18828
10175.0,10175.0,10175.0,10200.0,1000,2021,7,21,3,18829
10175.0,10175.0,10175.0,10200.0,0,2021,7,22,4,18830
10175.0,10175.0,10175.0,10200.0,0,2021,7,23,5,18831
10175.0,10175.0,10175.0,10200.0,0,2021,7,26,1,18834
10175.0,10175.0,10175.0,10200.0,0,2021,7,27,2,18835
10175.0,10175.0,10175.0,10200.0,0,2021,7,28,3,18836
10175.0,10175.0,10175.0,10200.0,0,2021,7,29,4,18837
10175.0,10175.0,10175.0,10200.0,0,2021,7,30,5,18838
10175.0,10175.0,10175.0,10200.0,0,2021,8,2,1,18841
10175.0,10175.0,10175.0,10200.0,0,2021,8,3,2,18842
10175.0,10175.0,10175.0,10200.0,0,2021,8,4,3,18843
10175.0,10175.0,10175.0,10200.0,0,2021,8,5,4,18844
10175.0,10175.0,10175.0,10200.0,0,2021,8,6,5,18845
10175.0,10175.0,10175.0,10200.0,0,2021,8,9,1,18848
10175.0,10175.0,10175.0,10200.0,0,2021,8,10,2,18849
10175.0,10175.0,10175.0,10200.0,0,2021,8,11,3,18850
10175.0,10175.0,10175.0,10200.0,0,2021,8,12,4,18851
10175.0,10175.0,10175.0,10200.0,0,2021,8,13,5,18852
10175.0,10175.0,10175.0,10200.0,0,2021,8,16,1,18855
10175.0,10175.0,10175.0,10200.0,0,2021,8,17,2,18856
10175.0,10175.0,10175.0,10200.0,0,2021,8,18,3,18857
10175.0,10175.0,10175.0,10200.0,0,2021,8,19,4,18858
10638.0,10638.0,10638.0,10600.0,1200,2021,8,20,5,18859
10638.0,10638.0,10638.0,10600.0,0,2021,8,23,1,18862
10638.0,10638.0,10638.0,10600.0,0,2021,8,24,2,18863
10638.0,10638.0,10638.0,10600.0,0,2021,8,25,3,18864
10638.0,10638.0,10638.0,10600.0,0,2021,8,26,4,18865
10638.0,10638.0,10638.0,10600.0,0,2021,8,27,5,18866
10638.0,10638.0,10638.0,10600.0,0,2021,8,30,1,18869
10638.0,10638.0,10638.0,10600.0,0,2021,8,31,2,18870
10638.0,10638.0,10638.0,10600.0,0,2021,9,1,3,18871
10638.0,10638.0,10638.0,10600.0,0,2021,9,6,1,18876
10638.0,10638.0,10638.0,10600.0,0,2021,9,7,2,18877
10638.0,10638.0,10638.0,10600.0,0,2021,9,8,3,18878
10638.0,10638.0,10638.0,10600.0,0,2021,9,9,4,18879
10638.0,10638.0,10638.0,10600.0,0,2021,9,10,5,18880
10638.0,10638.0,10638.0,10600.0,0,2021,9,13,1,18883
10638.0,10638.0,10638.0,10600.0,0,2021,9,14,2,18884
10638.0,10638.0,10638.0,10600.0,0,2021,9,15,3,18885
10638.0,10638.0,10638.0,10600.0,0,2021,9,16,4,18886
10545.0,10545.0,10545.0,10500.0,200,2021,9,17,5,18887
10545.0,10545.0,10545.0,10500.0,0,2021,9,20,1,18890
10545.0,10545.0,10545.0,10500.0,0,2021,9,21,2,18891
10545.0,10545.0,10545.0,10500.0,0,2021,9,22,3,18892
8973.0,12118.0,8973.0,9300.0,2800,2021,9,23,4,18893
9250.0,9250.0,9250.0,9300.0,0,2021,9,24,5,18894
10638.0,10638.0,10638.0,10600.0,1200,2021,9,27,1,18897
10638.0,10638.0,10638.0,10600.0,0,2021,9,28,2,18898
10638.0,10638.0,10638.0,10600.0,0,2021,9,29,3,18899
11100.0,11100.0,11100.0,11100.0,1600,2021,9,30,4,18900
11100.0,11100.0,11100.0,11100.0,0,2021,10,1,5,18901
11100.0,11100.0,11100.0,11100.0,0,2021,10,4,1,18904
11100.0,11100.0,11100.0,11100.0,0,2021,10,5,2,18905
11100.0,11100.0,11100.0,11100.0,1,2021,10,6,3,18906
11100.0,11100.0,11100.0,11100.0,1900,2021,10,7,4,18907
11100.0,11100.0,11100.0,11100.0,0,2021,10,8,5,18908
11100.0,11100.0,11100.0,11100.0,0,2021,10,11,1,18911
11100.0,11100.0,11100.0,11100.0,100,2021,10,12,2,18912
11100.0,11100.0,11100.0,11100.0,0,2021,10,13,3,18913
11100.0,11100.0,11100.0,11100.0,100,2021,10,14,4,18914
11100.0,11100.0,11100.0,11100.0,0,2021,10,15,5,18915
11100.0,11100.0,11100.0,11100.0,0,2021,10,18,1,18918
11100.0,11100.0,11100.0,11100.0,100,2021,10,19,2,18919
11100.0,11100.0,11100.0,11100.0,0,2021,10,20,3,18920
11100.0,11100.0,11100.0,11100.0,0,2021,10,21,4,18921
11100.0,11100.0,11100.0,11100.0,0,2021,10,22,5,18922
11100.0,11100.0,11100.0,11100.0,0,2021,10,25,1,18925
11100.0,11100.0,11100.0,11100.0,0,2021,10,26,2,18926
11100.0,11100.0,11100.0,11100.0,0,2021,10,27,3,18927
11100.0,11100.0,11100.0,11100.0,0,2021,10,28,4,18928
11100.0,11100.0,11100.0,11100.0,0,2021,10,29,5,18929
11100.0,11100.0,11100.0,11100.0,0,2021,11,1,1,18932
11100.0,11100.0,11100.0,11100.0,0,2021,11,2,2,18933
11100.0,11100.0,11100.0,11100.0,0,2021,11,3,3,18934
11100.0,11100.0,11100.0,11100.0,0,2021,11,4,4,18935
11100.0,11100.0,11100.0,11100.0,0,2021,11,5,5,18936
11100.0,11100.0,11100.0,11100.0,0,2021,11,8,1,18939
11100.0,11100.0,11100.0,11100.0,0,2021,11,9,2,18940
11100.0,11100.0,11100.0,11100.0,0,2021,11,10,3,18941
11100.0,11100.0,11100.0,11100.0,0,2021,11,11,4,18942
11100.0,11100.0,11100.0,11100.0,0,2021,11,12,5,18943
11100.0,11100.0,11100.0,11100.0,0,2021,11,15,1,18946
11100.0,11100.0,11100.0,11100.0,0,2021,11,16,2,18947
11100.0,11100.0,11100.0,11100.0,200,2021,11,17,3,18948
12765.0,12765.0,12765.0,12800.0,200,2021,11,18,4,18949
12765.0,12765.0,12765.0,12800.0,0,2021,11,19,5,18950
12765.0,12765.0,12765.0,12800.0,0,2021,11,22,1,18953
12765.0,12765.0,12765.0,12800.0,0,2021,11,23,2,18954
12765.0,12765.0,12765.0,12800.0,0,2021,11,24,3,18955
12765.0,12765.0,12765.0,12800.0,0,2021,11,25,4,18956
14615.0,14615.0,14615.0,14600.0,4800,2021,11,26,5,18957
14615.0,14615.0,14615.0,14600.0,0,2021,11,29,1,18960
14615.0,14615.0,14615.0,14600.0,0,2021,11,30,2,18961
14615.0,14615.0,14615.0,14600.0,0,2021,12,1,3,18962
14615.0,14615.0,14615.0,14600.0,0,2021,12,2,4,18963
12488.0,12488.0,12488.0,12500.0,1600,2021,12,3,5,18964
12488.0,12488.0,12488.0,12500.0,0,2021,12,6,1,18967
12488.0,12488.0,12488.0,12500.0,0,2021,12,7,2,18968
10638.0,10638.0,10638.0,10600.0,100,2021,12,8,3,18969
9250.0,12210.0,9250.0,11800.0,800,2021,12,9,4,18970
13598.0,13598.0,13598.0,13600.0,100,2021,12,10,5,18971
13598.0,13598.0,13598.0,13600.0,0,2021,12,13,1,18974
13598.0,13598.0,13598.0,13600.0,0,2021,12,14,2,18975
13598.0,13598.0,13598.0,13600.0,100,2021,12,15,3,18976
12025.0,12025.0,12025.0,12000.0,600,2021,12,16,4,18977
11840.0,11840.0,11840.0,11800.0,118,2021,12,17,5,18978
12025.0,12118.0,12025.0,12100.0,1100,2021,12,20,1,18981
13320.0,13320.0,13320.0,13300.0,100,2021,12,21,2,18982
13783.0,13783.0,13783.0,13800.0,100,2021,12,22,3,18983
14800.0,15633.0,15633.0,15200.0,200,2021,12,23,4,18984
15263.0,15263.0,15263.0,15300.0,0,2021,12,24,5,18985
15263.0,15263.0,15263.0,15300.0,0,2021,12,27,1,18988
15263.0,15263.0,15263.0,15300.0,0,2021,12,28,2,18989
13043.0,13135.0,13043.0,13100.0,5000,2021,12,29,3,18990
13043.0,13043.0,13043.0,13000.0,200,2021,12,30,4,18991
13043.0,13043.0,13043.0,13000.0,0,2021,12,31,5,18992
13043.0,13043.0,13043.0,13000.0,0,2022,1,4,2,18996
11563.0,11655.0,11563.0,11600.0,1500,2022,1,5,3,18997
11563.0,11563.0,11563.0,11600.0,0,2022,1,6,4,18998
11563.0,11563.0,11563.0,11600.0,0,2022,1,7,5,18999
11655.0,12488.0,11655.0,12300.0,500,2022,1,10,1,19002
12765.0,12950.0,12950.0,12800.0,400,2022,1,11,2,19003
12858.0,12858.0,12858.0,12900.0,5,2022,1,12,3,19004
11008.0,11008.0,11008.0,11000.0,100,2022,1,13,4,19005
11008.0,11008.0,11008.0,11000.0,0,2022,1,14,5,19006
11008.0,11008.0,11008.0,11000.0,0,2022,1,17,1,19009
9435.0,9435.0,9435.0,9400.0,100,2022,1,18,2,19010
9435.0,9435.0,9435.0,9400.0,0,2022,1,19,3,19011
9435.0,9435.0,9435.0,9400.0,0,2022,1,20,4,19012
9435.0,9435.0,9435.0,9400.0,0,2022,1,21,5,19013
10823.0,10823.0,10823.0,10800.0,500,2022,1,24,1,19016
10823.0,10823.0,10823.0,10800.0,0,2022,1,25,2,19017
9343.0,9343.0,9343.0,9300.0,100,2022,1,26,3,19018
9343.0,9343.0,9343.0,9300.0,0,2022,1,27,4,19019
9343.0,9343.0,9343.0,9300.0,0,2022,1,28,5,19020
10730.0,10730.0,10730.0,10700.0,200,2022,2,7,1,19030
11100.0,11655.0,11100.0,11400.0,200,2022,2,8,2,19031
12395.0,12395.0,12395.0,12400.0,200,2022,2,9,3,19032
10545.0,10545.0,10545.0,10500.0,100,2022,2,10,4,19033
10545.0,10545.0,10545.0,10500.0,0,2022,2,11,5,19034
9250.0,9250.0,9250.0,9300.0,200,2022,2,14,1,19037
9250.0,9250.0,9250.0,9300.0,0,2022,2,15,2,19038
10638.0,10638.0,10638.0,10600.0,100,2022,2,16,3,19039
11748.0,11748.0,11748.0,11700.0,100,2022,2,17,4,19040
11933.0,11933.0,11933.0,11900.0,100,2022,2,18,5,19041
11933.0,11933.0,11933.0,11900.0,0,2022,2,21,1,19044
10175.0,11563.0,10175.0,10600.0,1500,2022,2,22,2,19045
11470.0,11470.0,11470.0,11500.0,900,2022,2,23,3,19046
11470.0,11470.0,11470.0,11500.0,0,2022,2,24,4,19047
11470.0,11470.0,11470.0,11500.0,100,2022,2,25,5,19048
11470.0,11470.0,11470.0,11500.0,100,2022,2,28,1,19051
9805.0,9805.0,9805.0,9800.0,100,2022,3,1,2,19052
11193.0,11193.0,11193.0,11200.0,300,2022,3,2,3,19053
12025.0,12858.0,12025.0,12500.0,1100,2022,3,3,4,19054
11748.0,12488.0,12488.0,12300.0,600,2022,3,4,5,19055
11840.0,11840.0,11840.0,11800.0,300,2022,3,7,1,19058
11933.0,11933.0,11933.0,11900.0,900,2022,3,8,2,19059
10175.0,13690.0,10175.0,12000.0,300,2022,3,9,3,19060
12488.0,12488.0,12488.0,12500.0,1800,2022,3,10,4,19061
12488.0,12580.0,12488.0,12500.0,1600,2022,3,11,5,19062
10638.0,10638.0,10638.0,10600.0,100,2022,3,14,1,19065
10638.0,10638.0,10638.0,10600.0,0,2022,3,15,2,19066
10638.0,10638.0,10638.0,10600.0,900,2022,3,16,3,19067
10638.0,10638.0,10638.0,10600.0,0,2022,3,17,4,19068
10638.0,10638.0,10638.0,10600.0,0,2022,3,18,5,19069
9343.0,9343.0,9343.0,9300.0,35300,2022,3,21,1,19072
10175.0,10730.0,10175.0,10600.0,1300,2022,3,22,2,19073
12118.0,12210.0,12118.0,12200.0,4900,2022,3,23,3,19074
10453.0,12118.0,11933.0,10700.0,21700,2022,3,24,4,19075
10823.0,11285.0,10823.0,11000.0,300,2022,3,25,5,19076
9805.0,10175.0,10175.0,10100.0,4400,2022,3,28,1,19079
9713.0,10545.0,9990.0,10400.0,8400,2022,3,29,2,19080
9990.0,10730.0,10360.0,10500.0,5000,2022,3,30,3,19081
9528.0,10638.0,10638.0,10100.0,1600,2022,3,31,4,19082
10083.0,10453.0,10083.0,10200.0,2300,2022,4,1,5,19083
9528.0,10268.0,9528.0,9800.0,900,2022,4,4,1,19086
10175.0,10638.0,10638.0,10300.0,1700,2022,4,5,2,19087
10175.0,10545.0,10360.0,10500.0,3900,2022,4,6,3,19088
10175.0,11748.0,10545.0,10700.0,9900,2022,4,7,4,19089
10453.0,10453.0,10453.0,10500.0,1400,2022,4,8,5,19090
10545.0,10545.0,10545.0,10500.0,200,2022,4,12,2,19094
10545.0,10545.0,10545.0,10500.0,0,2022,4,13,3,19095
9528.0,12118.0,12118.0,10200.0,400,2022,4,14,4,19096
10453.0,11748.0,11748.0,10600.0,700,2022,4,15,5,19097
10360.0,10360.0,10360.0,10400.0,300,2022,4,18,1,19100
8880.0,8880.0,8880.0,8900.0,150,2022,4,19,2,19101
8973.0,10175.0,8973.0,9900.0,2450,2022,4,20,3,19102
9898.0,9898.0,9898.0,9900.0,0,2022,4,21,4,19103
10360.0,11193.0,11193.0,10600.0,500,2022,4,22,5,19104
9343.0,10175.0,9343.0,9400.0,2000,2022,4,25,1,19107
10268.0,10730.0,10730.0,10400.0,2200,2022,4,26,2,19108
10175.0,10453.0,10453.0,10300.0,400,2022,4,27,3,19109
10175.0,10175.0,10175.0,10200.0,600,2022,4,28,4,19110
8973.0,10083.0,10083.0,9600.0,1400,2022,4,29,5,19111
9990.0,9990.0,9990.0,10000.0,100,2022,5,4,3,19116
9898.0,10083.0,9990.0,10000.0,6500,2022,5,5,4,19117
9990.0,10545.0,9990.0,10100.0,3500,2022,5,6,5,19118
10083.0,10083.0,10083.0,10100.0,800,2022,5,9,1,19121
9990.0,9990.0,9990.0,10000.0,100,2022,5,10,2,19122
10175.0,11008.0,11008.0,10300.0,800,2022,5,11,3,19123
9990.0,9990.0,9990.0,10000.0,300,2022,5,12,4,19124
9713.0,9990.0,9990.0,9800.0,2470,2022,5,13,5,19125
9805.0,9805.0,9805.0,9800.0,0,2022,5,16,1,19128
9805.0,9805.0,9805.0,9800.0,0,2022,5,17,2,19129
8418.0,8603.0,8418.0,8500.0,200,2022,5,18,3,19130
8510.0,8510.0,8510.0,8500.0,0,2022,5,19,4,19131
8510.0,8788.0,8510.0,8600.0,200,2022,5,20,5,19132
7400.0,7400.0,7400.0,7400.0,100,2022,5,23,1,19135
7400.0,7400.0,7400.0,7400.0,5,2022,5,24,2,19136
8500.0,8500.0,8500.0,8500.0,100,2022,5,25,3,19137
9700.0,9700.0,9700.0,9700.0,400,2022,5,26,4,19138
9700.0,9700.0,9700.0,9700.0,0,2022,5,27,5,19139
8500.0,9700.0,8500.0,8800.0,801,2022,5,30,1,19142
8400.0,8800.0,8500.0,8700.0,1400,2022,5,31,2,19143
8700.0,8700.0,8700.0,8700.0,0,2022,6,1,3,19144
8700.0,8700.0,8700.0,8700.0,0,2022,6,2,4,19145
9000.0,9000.0,9000.0,9000.0,6718,2022,6,3,5,19146
9000.0,9000.0,9000.0,9000.0,0,2022,6,6,1,19149
7700.0,7700.0,7700.0,7700.0,151,2022,6,7,2,19150
8800.0,8800.0,8800.0,8800.0,104,2022,6,8,3,19151
8800.0,8800.0,8800.0,8800.0,0,2022,6,9,4,19152
8800.0,8800.0,8800.0,8800.0,20,2022,6,10,5,19153
9000.0,9000.0,9000.0,9000.0,100,2022,6,13,1,19156
9000.0,9000.0,9000.0,9000.0,500,2022,6,14,2,19157
9000.0,9000.0,9000.0,9000.0,0,2022,6,15,3,19158
9500.0,9500.0,9500.0,9500.0,210,2022,6,16,4,19159
9500.0,9500.0,9500.0,9500.0,4,2022,6,17,5,19160
9500.0,9500.0,9500.0,9500.0,1000,2022,6,20,1,19163
9500.0,9500.0,9500.0,9500.0,400,2022,6,21,2,19164
9500.0,9500.0,9500.0,9500.0,600,2022,6,22,3,19165
9500.0,9500.0,9500.0,9500.0,704,2022,6,23,4,19166
9500.0,9500.0,9500.0,9500.0,0,2022,6,24,5,19167
9500.0,9500.0,9500.0,9500.0,0,2022,6,27,1,19170
9200.0,9200.0,9200.0,9200.0,500,2022,6,28,2,19171
9200.0,9200.0,9200.0,9200.0,0,2022,6,29,3,19172
9200.0,9200.0,9200.0,9200.0,0,2022,6,30,4,19173
9200.0,9200.0,9200.0,9200.0,0,2022,7,1,5,19174
9200.0,9200.0,9200.0,9200.0,0,2022,7,4,1,19177
9200.0,9200.0,9200.0,9200.0,0,2022,7,5,2,19178
7900.0,9200.0,9200.0,8500.0,600,2022,7,6,3,19179
8500.0,8500.0,8500.0,8500.0,0,2022,7,7,4,19180
8500.0,8500.0,8500.0,8500.0,0,2022,7,8,5,19181
7600.0,7600.0,7600.0,7600.0,102,2022,7,11,1,19184
7600.0,7600.0,7600.0,7600.0,0,2022,7,12,2,19185
7600.0,7600.0,7600.0,7600.0,0,2022,7,13,3,19186
8600.0,8700.0,8700.0,8700.0,3400,2022,7,14,4,19187
9500.0,9500.0,9500.0,9500.0,100,2022,7,15,5,19188
9300.0,10800.0,9300.0,9500.0,1902,2022,7,18,1,19191
10700.0,10900.0,10900.0,10700.0,1200,2022,7,19,2,19192
10700.0,12300.0,12300.0,11200.0,500,2022,7,20,3,19193
10800.0,10800.0,10800.0,10800.0,100,2022,7,21,4,19194
9200.0,11500.0,11500.0,10500.0,8700,2022,7,22,5,19195
9500.0,9500.0,9500.0,9500.0,100,2022,7,25,1,19198
10900.0,10900.0,10900.0,10900.0,100,2022,7,26,2,19199
10900.0,11600.0,11600.0,11200.0,1100,2022,7,27,3,19200
11100.0,11500.0,11500.0,11300.0,200,2022,7,28,4,19201
12800.0,12800.0,12800.0,12800.0,112,2022,7,29,5,19202
14600.0,14600.0,14600.0,14600.0,100,2022,8,1,1,19205
14600.0,14600.0,14600.0,14600.0,0,2022,8,2,2,19206
12900.0,12900.0,12900.0,12900.0,100,2022,8,3,3,19207
11000.0,12100.0,11000.0,11000.0,4400,2022,8,4,4,19208
11000.0,11000.0,11000.0,11000.0,0,2022,8,5,5,19209
9600.0,9600.0,9600.0,9600.0,100,2022,8,8,1,19212
10600.0,10900.0,10900.0,10800.0,600,2022,8,9,2,19213
10800.0,10800.0,10800.0,10800.0,0,2022,8,10,3,19214
9500.0,9500.0,9500.0,9500.0,100,2022,8,11,4,19215
9500.0,9500.0,9500.0,9500.0,0,2022,8,12,5,19216
9000.0,9000.0,9000.0,9000.0,1500,2022,8,15,1,19219
9000.0,9000.0,9000.0,9000.0,0,2022,8,16,2,19220
10300.0,10300.0,10300.0,10300.0,2500,2022,8,17,3,19221
9100.0,9100.0,9100.0,9100.0,100,2022,8,18,4,19222
10400.0,10400.0,10400.0,10400.0,100,2022,8,19,5,19223
10400.0,10400.0,10400.0,10400.0,7,2022,8,22,1,19226
11100.0,11100.0,11100.0,11100.0,100,2022,8,23,2,19227
11100.0,11100.0,11100.0,11100.0,0,2022,8,24,3,19228
11100.0,11100.0,11100.0,11100.0,30,2022,8,25,4,19229
11100.0,11100.0,11100.0,11100.0,0,2022,8,26,5,19230
11100.0,11100.0,11100.0,11100.0,0,2022,8,29,1,19233
9500.0,11100.0,9600.0,9600.0,2700,2022,8,30,2,19234
9600.0,9600.0,9600.0,9600.0,0,2022,8,31,3,19235
8300.0,8500.0,8500.0,8400.0,400,2022,9,5,1,19240
9500.0,9600.0,9500.0,9600.0,5000,2022,9,6,2,19241
10800.0,10900.0,10900.0,10800.0,500,2022,9,7,3,19242
9500.0,12300.0,12300.0,11000.0,300,2022,9,8,4,19243
12500.0,12500.0,12500.0,12500.0,103,2022,9,9,5,19244
10700.0,13600.0,13600.0,11000.0,1400,2022,9,12,1,19247
10600.0,12500.0,12500.0,11600.0,200,2022,9,13,2,19248
9900.0,13000.0,13000.0,11100.0,400,2022,9,14,3,19249
9500.0,12600.0,12600.0,10400.0,1900,2022,9,15,4,19250
9900.0,11800.0,11800.0,10900.0,200,2022,9,16,5,19251
9500.0,12400.0,12400.0,10600.0,1400,2022,9,19,1,19254
9200.0,10300.0,10300.0,9800.0,1000,2022,9,20,2,19255
9900.0,9900.0,9900.0,9900.0,318,2022,9,21,3,19256
10200.0,10200.0,10200.0,10200.0,125,2022,9,22,4,19257
8700.0,11300.0,8700.0,10000.0,5700,2022,9,23,5,19258
8700.0,8700.0,8700.0,8700.0,300,2022,9,26,1,19261
7800.0,10000.0,7800.0,8500.0,300,2022,9,27,2,19262
7600.0,9700.0,7600.0,8700.0,240,2022,9,28,3,19263
7400.0,10000.0,7400.0,8700.0,200,2022,9,29,4,19264
7400.0,10000.0,7400.0,8000.0,1600,2022,9,30,5,19265
8000.0,9200.0,8000.0,9100.0,2440,2022,10,3,1,19268
8000.0,8000.0,8000.0,8000.0,101,2022,10,4,2,19269
6800.0,9200.0,6800.0,9000.0,3000,2022,10,5,3,19270
7900.0,7900.0,7900.0,7900.0,100,2022,10,6,4,19271
6900.0,9000.0,6900.0,8000.0,400,2022,10,7,5,19272
7100.0,7100.0,7100.0,7100.0,113,2022,10,10,1,19275
6300.0,8100.0,6300.0,7700.0,500,2022,10,11,2,19276
7000.0,8800.0,8800.0,8200.0,316,2022,10,12,3,19277
7300.0,7300.0,7300.0,7300.0,100,2022,10,13,4,19278
8300.0,8300.0,8300.0,8300.0,100,2022,10,14,5,19279
7600.0,7600.0,7600.0,7600.0,100,2022,10,17,1,19282
8600.0,8700.0,8600.0,8700.0,748,2022,10,18,2,19283
7700.0,7700.0,7700.0,7700.0,100,2022,10,19,3,19284
7900.0,7900.0,7900.0,7900.0,300,2022,10,20,4,19285
9000.0,9000.0,9000.0,9000.0,100,2022,10,21,5,19286
10300.0,10300.0,10300.0,10300.0,110,2022,10,24,1,19289
11700.0,11700.0,11700.0,11700.0,100,2022,10,25,2,19290
11700.0,11700.0,11700.0,11700.0,0,2022,10,26,3,19291
12400.0,12400.0,12400.0,12400.0,106,2022,10,27,4,19292
12400.0,12400.0,12400.0,12400.0,0,2022,10,28,5,19293
10600.0,11300.0,11300.0,10700.0,700,2022,10,31,1,19296
10600.0,10600.0,10600.0,10600.0,100,2022,11,1,2,19297
9400.0,9400.0,9400.0,9400.0,100,2022,11,2,3,19298
9500.0,9500.0,9500.0,9500.0,100,2022,11,3,4,19299
8100.0,8100.0,8100.0,8100.0,100,2022,11,4,5,19300
7200.0,9100.0,9100.0,9000.0,6320,2022,11,7,1,19303
10200.0,10300.0,10300.0,10300.0,300,2022,11,8,2,19304
10300.0,10300.0,10300.0,10300.0,1,2022,11,9,3,19305
11700.0,11700.0,11700.0,11700.0,100,2022,11,10,4,19306
12000.0,12500.0,12500.0,12100.0,1201,2022,11,11,5,19307
10300.0,12000.0,12000.0,10900.0,3401,2022,11,14,1,19310
10900.0,10900.0,10900.0,10900.0,0,2022,11,15,2,19311
9500.0,10800.0,10800.0,9700.0,1200,2022,11,16,3,19312
9400.0,10900.0,9600.0,10100.0,1000,2022,11,17,4,19313
11100.0,11100.0,11100.0,11100.0,100,2022,11,18,5,19314
10800.0,10800.0,10800.0,10800.0,200,2022,11,21,1,19317
10900.0,10900.0,10900.0,10900.0,100,2022,11,22,2,19318
11100.0,11100.0,11100.0,11100.0,201,2022,11,23,3,19319
11300.0,11300.0,11300.0,11300.0,100,2022,11,24,4,19320
11300.0,11300.0,11300.0,11300.0,0,2022,11,25,5,19321
9800.0,10900.0,10900.0,10000.0,1300,2022,11,28,1,19324
11300.0,11300.0,11300.0,11300.0,500,2022,11,29,2,19325
11300.0,11700.0,11700.0,11300.0,900,2022,11,30,3,19326
11500.0,11500.0,11500.0,11500.0,101,2022,12,1,4,19327
9800.0,9800.0,9800.0,9800.0,1000,2022,12,2,5,19328
9800.0,9800.0,9800.0,9800.0,600,2022,12,5,1,19331
8600.0,8600.0,8600.0,8600.0,100,2022,12,6,2,19332
8500.0,8500.0,8500.0,8500.0,500,2022,12,7,3,19333
7700.0,7700.0,7700.0,7700.0,116,2022,12,8,4,19334
8800.0,8800.0,8800.0,8800.0,100,2022,12,9,5,19335
10100.0,10100.0,10100.0,10100.0,300,2022,12,12,1,19338
8600.0,8600.0,8600.0,8600.0,100,2022,12,13,2,19339
7400.0,9500.0,9500.0,8800.0,300,2022,12,14,3,19340
7600.0,7600.0,7600.0,7600.0,100,2022,12,15,4,19341
7600.0,7600.0,7600.0,7600.0,0,2022,12,16,5,19342
7600.0,7600.0,7600.0,7600.0,0,2022,12,19,1,19345
7600.0,7600.0,7600.0,7600.0,0,2022,12,20,2,19346
7900.0,7900.0,7900.0,7900.0,400,2022,12,21,3,19347
7900.0,7900.0,7900.0,7900.0,0,2022,12,22,4,19348
7600.0,7600.0,7600.0,7600.0,100,2022,12,23,5,19349
8200.0,8200.0,8200.0,8200.0,200,2022,12,26,1,19352
7600.0,7600.0,7600.0,7600.0,100,2022,12,27,2,19353
8700.0,8700.0,8700.0,8700.0,100,2022,12,28,3,19354
8700.0,8700.0,8700.0,8700.0,0,2022,12,29,4,19355
7500.0,7500.0,7500.0,7500.0,100,2022,12,30,5,19356
6700.0,8600.0,6700.0,7500.0,300,2023,1,3,2,19360
6500.0,6500.0,6500.0,6500.0,100,2023,1,4,3,19361
7400.0,7400.0,7400.0,7400.0,100,2023,1,5,4,19362
7400.0,7400.0,7400.0,7400.0,0,2023,1,6,5,19363
8500.0,8500.0,8500.0,8500.0,1200,2023,1,9,1,19366
9700.0,9700.0,9700.0,9700.0,1200,2023,1,10,2,19367
9500.0,10000.0,10000.0,9800.0,600,2023,1,11,3,19368
8400.0,10900.0,8400.0,9700.0,200,2023,1,12,4,19369
9100.0,9100.0,9100.0,9100.0,600,2023,1,13,5,19370
9100.0,9100.0,9100.0,9100.0,0,2023,1,16,1,19373
9100.0,9100.0,9100.0,9100.0,0,2023,1,17,2,19374
9100.0,9100.0,9100.0,9100.0,0,2023,1,18,3,19375
9900.0,9900.0,9900.0,9900.0,100,2023,1,19,4,19376
9900.0,9900.0,9900.0,9900.0,500,2023,1,27,5,19384
8500.0,8500.0,8500.0,8500.0,100,2023,1,30,1,19387
8300.0,9700.0,9700.0,9500.0,900,2023,1,31,2,19388
9500.0,9500.0,9500.0,9500.0,0,2023,2,1,3,19389
8400.0,8400.0,8400.0,8400.0,100,2023,2,2,4,19390
9600.0,9600.0,9600.0,9600.0,200,2023,2,3,5,19391
9500.0,9500.0,9500.0,9500.0,200,2023,2,6,1,19394
9500.0,9500.0,9500.0,9500.0,0,2023,2,7,2,19395
9500.0,9500.0,9500.0,9500.0,0,2023,2,8,3,19396
9500.0,9500.0,9500.0,9500.0,0,2023,2,9,4,19397
9500.0,9500.0,9500.0,9500.0,0,2023,2,10,5,19398
9500.0,9500.0,9500.0,9500.0,0,2023,2,13,1,19401
9500.0,9500.0,9500.0,9500.0,0,2023,2,14,2,19402
9500.0,9500.0,9500.0,9500.0,0,2023,2,15,3,19403
9500.0,9500.0,9500.0,9500.0,0,2023,2,16,4,19404
9000.0,9000.0,9000.0,9000.0,300,2023,2,17,5,19405
9000.0,9000.0,9000.0,9000.0,0,2023,2,20,1,19408
9000.0,9000.0,9000.0,9000.0,0,2023,2,21,2,19409
9000.0,9000.0,9000.0,9000.0,0,2023,2,22,3,19410
9000.0,9000.0,9000.0,9000.0,0,2023,2,23,4,19411
9000.0,9000.0,9000.0,9000.0,0,2023,2,24,5,19412
9000.0,9000.0,9000.0,9000.0,0,2023,2,27,1,19415
9000.0,9000.0,9000.0,9000.0,0,2023,2,28,2,19416
