low,high,open,close,volume,year,days,month_sin,month_cos,day_sin,day_cos,weekday_sin,weekday_cos
0.13872620950162656,0.13872620950162656,0.13872620950162656,0.13872620950162656,1.6094379124341003,0.8666666666666667,0.8529556981911217,0.49999999999999994,0.8660254037844387,0.7907757369376989,-0.6121059825476626,0.9749279121818236,-0.22252093395631434
0.1384845630828589,0.1384845630828589,0.1384845630828589,0.1384845630828589,1.2809338454620642,0.8666666666666667,0.8530005835091342,0.49999999999999994,0.8660254037844387,0.6513724827222223,-0.758758122692791,0.43388373911755823,-0.900968867902419
0.13878074851066627,0.13878074851066627,0.13878074851066627,0.13878074851066627,3.79298918787011,0.8666666666666667,0.8530454688271467,0.49999999999999994,0.8660254037844387,0.48530196253108104,-0.8743466161445821,-0.433883739117558,-0.9009688679024191
0.0,0.1390788044685962,0.1390788044685962,0.08285791162412307,0.42896649894463673,0.8666666666666667,0.8530903541451592,0.49999999999999994,0.8660254037844387,0.29936312297335804,-0.9541392564000488,-0.9749279121818236,-0.2225209339563146
-0.05239613431184573,-0.09930447898078472,-0.13385686048744447,-0.08942392339501365,-0.5512967788143386,0.8666666666666667,0.8532250100991966,0.49999999999999994,0.8660254037844387,-0.29936312297335776,-0.9541392564000489,0.7818314824680298,0.6234898018587336
-0.10153641921942283,-0.08804106645764591,-0.053488684950986236,-0.10112414966974466,0.13105307661005558,0.8666666666666667,0.8532698954172091,0.49999999999999994,0.8660254037844387,-0.4853019625310808,-0.8743466161445822,0.9749279121818236,-0.22252093395631434
-0.11473425280702489,-0.11332868530700312,-0.19337139298053965,-0.13728687377525348,0.17900755210391728,0.8666666666666667,0.8533147807352216,0.49999999999999994,0.8660254037844387,-0.6513724827222217,-0.7587581226927913,0.43388373911755823,-0.900968867902419
0.013605652055778678,-0.03443219642148413,-0.0016680571006970587,0.00832644277655381,-0.3698016240701565,0.8666666666666667,0.853359666053234,0.49999999999999994,0.8660254037844387,-0.7907757369376986,-0.6121059825476627,-0.433883739117558,-0.9009688679024191
0.020067563050809173,0.020489290452471415,0.008312599819365565,0.04380262265839284,0.4124476801192954,0.8666666666666667,0.8534045513712465,0.49999999999999994,0.8660254037844387,-0.8978045395707417,-0.44039415155763423,-0.9749279121818236,-0.2225209339563146
-0.020067563050809256,-0.012559034776493797,0.040557058765625514,-0.028987536873252298,-0.2804189173793078,0.8666666666666667,0.853539207325284,0.49999999999999994,0.8660254037844387,-0.9884683243281114,0.15142777750457667,0.7818314824680298,0.6234898018587336
-0.006779686985378804,-0.04359043607486173,-0.04720160148429414,-0.02481516911972402,-0.3161537465330929,0.8666666666666667,0.8535840926432965,0.49999999999999994,0.8660254037844387,-0.9377521321470804,0.3473052528448203,0.9749279121818236,-0.22252093395631434
0.02020270731751947,0.030871663667087147,0.0,0.02154184377475476,-0.1644319920431796,0.8666666666666667,0.8536289779613089,0.49999999999999994,0.8660254037844387,-0.8486442574947509,0.5289640103269624,0.43388373911755823,-0.900968867902419
-0.015113637810048184,-0.03252319170556006,0.008298802814695064,-0.019868203216725173,0.3364722366212129,0.8666666666666667,0.8536738632793214,0.49999999999999994,0.8660254037844387,-0.7247927872291207,0.6889669190756859,-0.433883739117558,-0.9009688679024191
-0.006791197578001733,-0.0033112613036560315,-0.0033112613036560315,-0.006711434587986804,-0.608671944924617,0.8666666666666667,0.8537187485973339,0.49999999999999994,0.8660254037844387,-0.5712682150947924,0.8207634412072763,-0.9749279121818236,-0.2225209339563146
0.018565934122535193,0.008257685238981637,-0.008326442776553668,0.015037877364540502,0.6804976794958725,0.8666666666666667,0.8541676017774587,0.8660254037844386,0.5000000000000001,0.9884683243281114,0.1514277775045767,0.7818314824680298,0.6234898018587336
0.0016708441648177223,0.01954459607297013,0.0016708441648177223,0.01317976244440982,-0.24748261961947748,0.8666666666666667,0.8542124870954712,0.8660254037844386,0.5000000000000001,0.9987165071710528,-0.05064916883871264,0.9749279121818236,-0.22252093395631434
0.009966859915392074,0.04725288485054551,0.009966859915392074,0.0401016041685268,0.6524761408290176,0.8666666666666667,0.8542573724134837,0.8660254037844386,0.5000000000000001,0.9680771188662043,-0.2506525322587204,0.43388373911755823,-0.900968867902419
0.049970105309280685,0.01375117161282442,0.049970105309280685,0.026378565936308856,-0.4007592170707518,0.8666666666666667,0.854302257731496,0.8660254037844386,0.5000000000000001,0.8978045395707416,-0.4403941515576344,-0.433883739117558,-0.9009688679024191
-0.012658396871923465,-0.006088298867255293,0.026378565936308856,-0.007686432924156406,-0.16833531481921477,0.8666666666666667,0.8543471430495085,0.8660254037844386,0.5000000000000001,0.7907757369376989,-0.6121059825476626,-0.9749279121818236,-0.2225209339563146
-0.029081209300841737,-0.010744539282977266,-0.007686432924156406,-0.020265697459583024,0.4803664162812822,0.8666666666666667,0.854481799003546,0.8660254037844386,0.5000000000000001,0.29936312297335804,-0.9541392564000488,0.7818314824680298,0.6234898018587336
-0.031642939761258676,-0.0604317391849178,-0.06866223832143319,-0.056695343676545294,-0.1864537940788651,0.8666666666666667,0.8545266843215584,0.8660254037844386,0.5000000000000001,0.10116832198743272,-0.994869323391895,0.9749279121818236,-0.22252093395631434
-0.036179656577502356,-0.00823049913651548,-0.004971012722020386,-0.020202707317519466,0.21390849254327501,0.8666666666666667,0.8545715696395709,0.8660254037844386,0.5000000000000001,-0.10116832198743204,-0.9948693233918952,0.43388373911755823,-0.900968867902419
0.0017528488274143868,-0.023412440624743232,-0.0320702589583287,-0.0017021280705304183,-0.39300544031711054,0.8666666666666667,0.8546164549575834,0.8660254037844386,0.5000000000000001,-0.29936312297335776,-0.9541392564000489,-0.433883739117558,-0.9009688679024191
0.00524018666355625,-0.01878791386563316,-0.013817145553141955,-0.0171825533199969,-0.26952206418956276,0.8666666666666667,0.8546613402755959,0.8660254037844386,0.5000000000000001,-0.4853019625310808,-0.8743466161445822,-0.9749279121818236,-0.2225209339563146
-0.0017436796048268398,0.07472354619593657,0.005203827875027044,0.04573193142671543,0.9574550802360074,0.8666666666666667,0.8547959962296333,0.8660254037844386,0.5000000000000001,-0.8978045395707417,-0.44039415155763423,0.7818314824680298,0.6234898018587336
0.022434072862273058,-0.03583445300921607,0.03401688527825435,-0.016694878572169992,-0.7994209003823515,0.8666666666666667,0.8548408815476458,0.8660254037844386,0.5000000000000001,-0.9680771188662041,-0.2506525322587213,0.9749279121818236,-0.22252093395631434
-0.018949748779662122,-0.02349101307559874,-0.016863806052004805,-0.020408871631207123,-0.21817253859218927,0.8666666666666667,0.8548857668656583,0.8660254037844386,0.5000000000000001,-0.9987165071710528,-0.05064916883871355,0.43388373911755823,-0.900968867902419
-0.026433257068155483,-0.011955735920148884,-0.013698844358161915,-0.015584731016698203,0.5137140103418599,0.8666666666666667,0.8549306521836708,0.8660254037844386,0.5000000000000001,-0.9884683243281114,0.15142777750457667,-0.433883739117558,-0.9009688679024191
-0.008968669982760375,-0.010362787035546547,-0.031526253646773895,-0.005249355886143678,0.14688436517993045,0.8666666666666667,0.8549755375016832,0.8660254037844386,0.5000000000000001,-0.9377521321470804,0.3473052528448203,-0.9749279121818236,-0.2225209339563146
0.005390848634876373,-0.019281929549450284,0.0017777782459993572,-0.015915455305899568,-0.2844854794261536,0.8666666666666667,0.8551101934557207,0.8660254037844386,0.5000000000000001,-0.5712682150947924,0.8207634412072763,0.7818314824680298,0.6234898018587336
-0.010810916104215617,-0.007104825623744683,-0.0035587226169941063,-0.01075279177626185,-0.1562806060850832,0.8666666666666667,0.8551550787737332,1.0,6.123233995736766e-17,0.20129852008866006,0.9795299412524945,0.9749279121818236,-0.22252093395631434
0.0018099552452393861,0.024649135274654076,-0.0017841217935014426,0.007181359408664576,0.9245484171131366,0.8666666666666667,0.8551999640917457,1.0,6.123233995736766e-17,0.39435585511331855,0.9189578116202306,0.43388373911755823,-0.900968867902419
0.009000960858976123,0.05908891637000658,-0.0035778213478839666,0.04887534667299739,-0.36706710170634654,0.8666666666666667,0.8552448494097581,1.0,6.123233995736766e-17,0.5712682150947923,0.8207634412072763,-0.433883739117558,-0.9009688679024191
0.02127739844728488,-0.03843413733926046,0.05066585744678561,-0.013722342255101216,-0.677131765237969,0.8666666666666667,0.8552897347277706,1.0,6.123233995736766e-17,0.72479278722912,0.6889669190756866,-0.9749279121818236,-0.2225209339563146
0.005249355886143745,0.03185516624121792,-0.018917159132205225,0.01372234225510118,0.4816181616664287,0.8666666666666667,0.8554243906818081,1.0,6.123233995736766e-17,0.9884683243281114,0.1514277775045767,0.7818314824680298,0.6234898018587336
-0.014059985568298598,-0.04557750849631925,0.00519481687710393,-0.02239542350853005,0.24823038574394468,0.8666666666666667,0.8554692759998205,1.0,6.123233995736766e-17,0.9987165071710528,-0.05064916883871264,0.9749279121818236,-0.22252093395631434
0.007054702979890033,0.0017256259674698574,-0.00867308125342878,0.0,-0.4190707601639429,0.8666666666666667,0.855514161317833,1.0,6.123233995736766e-17,0.9680771188662043,-0.2506525322587204,0.43388373911755823,-0.900968867902419
0.008748962193235545,0.0204785313435407,0.0,0.017271586508660716,0.20935022918187396,0.8666666666666667,0.8555590466358455,1.0,6.123233995736766e-17,0.8978045395707416,-0.4403941515576344,-0.433883739117558,-0.9009688679024191
0.010398707220898517,0.0,0.010398707220898517,0.005123836999869466,0.1153108465109944,0.8666666666666667,0.855603931953858,1.0,6.123233995736766e-17,0.7907757369376989,-0.6121059825476626,-0.9749279121818236,-0.2225209339563146
-0.020906684819313712,-0.013605652055778598,0.0068728792877620504,-0.018917159132205225,-0.26872105981052896,0.8666666666666667,0.8557385879078954,1.0,6.123233995736766e-17,0.29936312297335804,-0.9541392564000488,0.7818314824680298,0.6234898018587336
0.003514942107444592,-0.015530942030876623,-0.015530942030876623,-0.0034782643763248086,-0.12689175185462376,0.8666666666666667,0.8557834732259079,1.0,6.123233995736766e-17,0.10116832198743272,-0.994869323391895,0.9749279121818236,-0.22252093395631434
0.013937507843781678,0.044224893737857186,0.005203827875027044,0.029186621086531868,0.2301775779715897,0.8666666666666667,0.8558283585439204,1.0,6.123233995736766e-17,-0.10116832198743204,-0.9948693233918952,0.43388373911755823,-0.900968867902419
0.02054866822738776,0.0,0.02224214873372074,0.0050633019565466345,0.19662684617157017,0.8666666666666667,0.8558732438619329,1.0,6.123233995736766e-17,-0.29936312297335776,-0.9541392564000489,-0.433883739117558,-0.9009688679024191
-0.02575249610241474,-0.011715615172562642,0.0050633019565466345,-0.01526747213078842,-0.24325812745330935,0.8666666666666667,0.8559181291799453,1.0,6.123233995736766e-17,-0.4853019625310808,-0.8743466161445822,-0.9749279121818236,-0.2225209339563146
-0.006980831141340205,-0.01526747213078842,-0.027305450690267446,-0.01203797855947898,-0.33402724762814634,0.8666666666666667,0.8560527851339828,1.0,6.123233995736766e-17,-0.8978045395707417,-0.44039415155763423,0.7818314824680298,0.6234898018587336
-0.005267790934858916,-0.01203797855947898,-0.003466207976486284,-0.010434877292579619,0.7608857044281874,0.8666666666666667,0.8560976704519953,1.0,6.123233995736766e-17,-0.9680771188662041,-0.2506525322587213,0.9749279121818236,-0.22252093395631434
-0.010619568827460261,0.012037978559479098,0.003466207976486329,0.0,-0.14500730465905318,0.8666666666666667,0.8561425557700076,1.0,6.123233995736766e-17,-0.9987165071710528,-0.05064916883871355,0.43388373911755823,-0.900968867902419
0.007092228309491837,-0.02247285585205863,-0.010434877292579619,-0.003502630551202112,-0.5839160490661757,0.8666666666666667,0.8561874410880201,1.0,6.123233995736766e-17,-0.9884683243281114,0.15142777750457667,-0.433883739117558,-0.9009688679024191
-0.00887317268048657,-0.003502630551202112,-0.010544913176614998,-0.005277057100843781,0.22314355131420976,0.8666666666666667,0.8562323264060326,1.0,6.123233995736766e-17,-0.9377521321470804,0.3473052528448203,-0.9749279121818236,-0.2225209339563146
-0.0017841217935014426,0.0035026305512020745,0.007042282625412951,-0.0017652255245691922,-0.2231435513142097,0.8666666666666667,0.85636698236007,1.0,6.123233995736766e-17,-0.5712682150947924,0.8207634412072763,0.7818314824680298,0.6234898018587336
0.0,-0.008779687652045837,-0.010582109330536972,-0.0035398267051240623,-0.07563741420562008,0.8666666666666667,0.8564118676780825,1.0,6.123233995736766e-17,-0.3943558551133187,0.9189578116202306,0.9749279121818236,-0.22252093395631434
-0.007168489478612516,-0.0035335725813111273,0.0017714796483820209,-0.0017746233583684897,0.42433359241254714,0.8666666666666667,0.856456752996095,1.0,6.123233995736766e-17,-0.20129852008866114,0.9795299412524943,0.43388373911755823,-0.900968867902419
0.00359066813072854,-0.003546103006750589,-0.003546103006750589,-0.0053428444104954695,-0.2661095871976531,0.8666666666666667,0.8565016383141075,1.0,6.123233995736766e-17,-2.4492935982947064e-16,1.0,-0.433883739117558,-0.9009688679024191
0.005361943141385373,0.01585936324010742,0.0035461030067504905,0.01242251999855711,-0.363667979429703,0.8666666666666667,0.85654652363212,0.8660254037844387,-0.4999999999999998,0.20129852008866006,0.9795299412524945,-0.9749279121818236,-0.2225209339563146
-0.0017841217935014426,0.010434877292579494,0.0017683470567419492,-0.0017652255245691922,0.8425875360870203,0.8666666666666667,0.8566811795861574,0.8660254037844387,-0.4999999999999998,0.72479278722912,0.6889669190756866,0.7818314824680298,0.6234898018587336
0.010657294473987979,0.001728608900617689,0.0,0.0157759625941674,0.16901337559145957,0.8666666666666667,0.8567260649041699,0.8660254037844387,-0.4999999999999998,0.8486442574947509,0.5289640103269624,0.9749279121818236,-0.22252093395631434
-0.0017683470567420034,-0.003460211064895731,0.019248188304916546,-0.017544309650909508,-0.671064264272196,0.8666666666666667,0.8567709502221824,0.8660254037844387,-0.4999999999999998,0.9377521321470804,0.3473052528448203,0.43388373911755823,-0.900968867902419
-0.00888894741724604,-0.005212870188533099,-0.005212870188533099,0.0017683470567419492,0.3259422860715001,0.8666666666666667,0.8568158355401948,0.8660254037844387,-0.4999999999999998,0.9884683243281114,0.1514277775045767,-0.433883739117558,-0.9009688679024191
0.0,-0.01227009259181436,-0.01934976817987599,-0.0035398267051240623,-0.4468503242710187,0.8666666666666667,0.8568607208582073,0.8660254037844387,-0.4999999999999998,0.9987165071710528,-0.05064916883871264,-0.9749279121818236,-0.2225209339563146
0.001784121793501392,0.005277057100843819,-0.0035587226169941063,0.0,0.6398132584352372,0.8666666666666667,0.8570402621302573,0.8660254037844387,-0.4999999999999998,0.6513724827222223,-0.758758122692791,0.9749279121818236,-0.22252093395631434
-0.041862345360911914,-0.003514942107444497,0.01240051319845501,-0.02695580998852822,-0.0781874195717903,0.8666666666666667,0.8570851474482697,0.8660254037844387,-0.4999999999999998,0.48530196253108104,-0.8743466161445821,0.43388373911755823,-0.900968867902419
-0.00559181326577783,-0.032203140494634706,-0.04685541728150519,-0.007312646846286602,-0.2810109336347585,0.8666666666666667,0.8571300327662822,0.8660254037844387,-0.4999999999999998,0.29936312297335804,-0.9541392564000488,-0.433883739117558,-0.9009688679024191
-0.028437935320533514,-0.009132483563272474,0.0,-0.0279087881170765,0.383061761445702,0.8666666666666667,0.8571749180842947,0.8660254037844387,-0.4999999999999998,0.10116832198743272,-0.994869323391895,-0.9749279121818236,-0.2225209339563146
-0.03323864147573383,-0.024142305321599635,-0.02616971773338472,-0.03260116137539798,-0.1934529912180629,0.8666666666666667,0.8573095740383321,0.8660254037844387,-0.4999999999999998,-0.4853019625310808,-0.8743466161445822,0.7818314824680298,0.6234898018587336
-0.020080996057049133,-0.0228146777661714,-0.034685557987889984,-0.005865119452398134,-0.12274582499851242,0.8666666666666667,0.8573544593563446,0.8660254037844387,-0.4999999999999998,-0.6513724827222217,-0.7587581226927913,0.9749279121818236,-0.22252093395631434
-0.01842426732605836,-0.013552966404703456,0.005865119452398058,-0.03187520853044895,-0.1778539395342386,0.8666666666666667,0.8573993446743571,0.8660254037844387,-0.4999999999999998,-0.7907757369376986,-0.6121059825476627,0.43388373911755823,-0.900968867902419
-0.014568415828290498,-0.015717415895409707,-0.043831717376248955,-0.012220111334775331,0.6522013546978194,0.8666666666666667,0.8574442299923696,0.8660254037844387,-0.4999999999999998,-0.8978045395707417,-0.44039415155763423,-0.433883739117558,-0.9009688679024191
0.022798914964806027,0.021548336206202928,0.036003888756002085,0.024292692569044483,-0.4693846258214518,0.8666666666666667,0.8574891153103821,0.8660254037844387,-0.4999999999999998,-0.9680771188662041,-0.2506525322587213,-0.9749279121818236,-0.2225209339563146
-0.05908891637000644,-0.03550668845690976,-0.023857990453894064,-0.040821994520255166,-0.2023222235006242,0.8666666666666667,0.8576237712644195,0.8660254037844387,-0.4999999999999998,-0.9377521321470804,0.3473052528448203,0.7818314824680298,0.6234898018587336
0.01937627896313868,0.013958352250706855,-0.024441135159145578,0.016529301951210506,0.41451494362808233,0.8666666666666667,0.857668656582432,0.8660254037844387,-0.4999999999999998,-0.8486442574947509,0.5289640103269624,0.9749279121818236,-0.22252093395631434
0.033546122491203804,0.044537854430901684,0.0,0.04605418435055733,0.19162085994223327,0.8666666666666667,0.8577135419004445,0.8660254037844387,-0.4999999999999998,-0.7247927872291207,0.6889669190756859,0.43388373911755823,-0.900968867902419
0.06001800972625295,0.02985296314968113,0.06001800972625295,0.04215183396214021,-0.5472953035473822,0.8666666666666667,0.8577584272184569,0.8660254037844387,-0.4999999999999998,-0.5712682150947924,0.8207634412072763,-0.433883739117558,-0.9009688679024191
0.02682153119456314,0.030771658666753687,0.02682153119456314,0.025927378256136738,-0.539813160639243,0.8666666666666667,0.8578033125364694,0.8660254037844387,-0.4999999999999998,-0.3943558551133187,0.9189578116202306,-0.9749279121818236,-0.2225209339563146
0.022430846988182134,-0.01075279177626185,0.026120888075636086,0.0,0.6246793812824846,0.8666666666666667,0.8580277391265317,0.5000000000000003,-0.8660254037844385,0.72479278722912,0.6889669190756866,0.43388373911755823,-0.900968867902419
-0.02432299514022002,-0.021858793812499073,0.0,-0.02592737825613667,0.222618479104719,0.8666666666666667,0.8580726244445442,0.5000000000000003,-0.8660254037844385,0.8486442574947509,0.5289640103269624,-0.433883739117558,-0.9009688679024191
-0.02492938304252536,-0.012975158863133418,-0.012975158863133418,-0.018939960100921614,-0.11097850796204954,0.8666666666666667,0.8581175097625567,0.5000000000000003,-0.8660254037844385,0.9377521321470804,0.3473052528448203,-0.9749279121818236,-0.2225209339563146
-0.02955880224154439,-0.020735898479178276,-0.020735898479178276,-0.01735819860975775,-0.36070720746667084,0.8666666666666667,0.8582521657165941,0.5000000000000003,-0.8660254037844385,0.9680771188662043,-0.2506525322587204,0.7818314824680298,0.6234898018587336
-0.024292692569044587,-0.028987536873252298,-0.028987536873252298,-0.037665502886474786,0.48731917609064945,0.8666666666666667,0.8582970510346066,0.5000000000000003,-0.8660254037844385,0.8978045395707416,-0.4403941515576344,0.9749279121818236,-0.22252093395631434
0.004089985251525066,-0.0138205556186322,-0.02985296314968116,-0.002022245380767809,-0.1348618680961204,0.8666666666666667,0.8583419363526191,0.5000000000000003,-0.8660254037844385,0.7907757369376989,-0.6121059825476626,0.43388373911755823,-0.900968867902419
-0.020619287202735703,-0.009990093075086299,0.006042314455962662,-0.012220111334775331,-0.1911175245948014,0.8666666666666667,0.8583868216706316,0.5000000000000003,-0.8660254037844385,0.6513724827222223,-0.758758122692791,-0.433883739117558,-0.9009688679024191
-0.06899287148695143,0.019881370553828995,-0.020284671171505776,0.012220111334775397,0.33729056727244494,0.8666666666666667,0.858431706988644,0.5000000000000003,-0.8660254037844385,0.48530196253108104,-0.8743466161445821,-0.9749279121818236,-0.2225209339563146
0.04793946228911905,-0.023905520853554366,0.006128721941373326,-0.020450610471290768,-0.21601158017693825,0.8666666666666667,0.8585663629426815,0.5000000000000003,-0.8660254037844385,-0.10116832198743204,-0.9948693233918952,0.7818314824680298,0.6234898018587336
-0.006403437035206913,-0.008097210232619362,-0.020576857688759387,-0.012474174225175688,0.298411111944005,0.8666666666666667,0.858611248260694,0.5000000000000003,-0.8660254037844385,-0.29936312297335776,-0.9541392564000489,0.9749279121818236,-0.22252093395631434
0.0,-0.02469261259037152,-0.0020811662038245117,-0.014752638475038183,-0.31246885143423675,0.8666666666666667,0.8586561335787065,0.5000000000000003,-0.8660254037844385,-0.4853019625310808,-0.8743466161445822,0.43388373911755823,-0.900968867902419
-0.05955453075659046,-0.012578782206860073,-0.012578782206860073,-0.02580788395587259,0.523867619136387,0.8666666666666667,0.8587010188967189,0.5000000000000003,-0.8660254037844385,-0.6513724827222217,-0.7587581226927913,-0.433883739117558,-0.9009688679024191
-0.02765153133051001,-0.023480267608842472,-0.023480267608842472,-0.01758287055786682,-0.2655706188443499,0.8666666666666667,0.8587459042147314,0.5000000000000003,-0.8660254037844385,-0.7907757369376986,-0.6121059825476627,-0.9749279121818236,-0.2225209339563146
0.020809999513793278,-0.010857869972049069,-0.019629856044886092,-0.013393057336438136,-0.23665388941254883,0.8666666666666667,0.8588805601687689,0.5000000000000003,-0.8660254037844385,-0.9987165071710528,-0.05064916883871355,0.7818314824680298,0.6234898018587336
-0.039678483818176145,-0.022075951699199847,-0.02452742799621231,-0.009029406719394265,0.45461504921977536,0.8666666666666667,0.8589254454867813,0.5000000000000003,-0.8660254037844385,-0.9884683243281114,0.15142777750457667,0.9749279121818236,-0.22252093395631434
0.04424470179775742,0.058521571619656106,-0.009070356969964265,0.04652001563489291,-0.1656743233607983,0.8666666666666667,0.8589703308047938,0.5000000000000003,-0.8660254037844385,-0.9377521321470804,0.3473052528448203,0.43388373911755823,-0.900968867902419
0.046727076407969394,0.0,0.046727076407969394,0.008620743043906955,-0.20909179785855936,0.8666666666666667,0.8590152161228063,0.5000000000000003,-0.8660254037844385,-0.8486442574947509,0.5289640103269624,-0.433883739117558,-0.9009688679024191
0.0,-0.012712035588361861,0.01937627896313868,-0.0021482285382896063,-0.14893176395146654,0.8666666666666667,0.8590601014408188,0.5000000000000003,-0.8660254037844385,-0.7247927872291207,0.6889669190756859,-0.9749279121818236,-0.2225209339563146
0.0,0.02109782896463596,-0.019376278963138722,0.004291852081541084,0.2866694141373947,0.8666666666666667,0.8591947573948562,0.5000000000000003,-0.8660254037844385,-0.20129852008866114,0.9795299412524943,0.7818314824680298,0.6234898018587336
-0.008733679968754553,-0.01472161182535985,0.01937627896313868,0.0,-0.16365193895139857,0.8666666666666667,0.8592396427128687,0.5000000000000003,-0.8660254037844385,-2.4492935982947064e-16,1.0,0.9749279121818236,-0.22252093395631434
0.015234244571847987,0.006335818449085924,-0.01287571436004528,-0.002143623543251453,-0.30129862244294575,0.8666666666666667,0.8592845280308812,1.2246467991473532e-16,-1.0,0.20129852008866006,0.9795299412524945,0.43388373911755823,-0.900968867902419
-0.006500564603093428,0.04728527299001169,0.0,0.03789927259098573,0.8841673535943246,0.8666666666666667,0.8593294133488937,1.2246467991473532e-16,-1.0,0.39435585511331855,0.9189578116202306,-0.433883739117558,-0.9009688679024191
0.04879016416943204,0.002006018726865766,0.054635435388638055,0.01027758275824023,-0.5059518879335358,0.8666666666666667,0.8593742986669061,1.2246467991473532e-16,-1.0,0.5712682150947923,0.8207634412072763,-0.9749279121818236,-0.2225209339563146
0.004132237284910591,0.0,0.008146684567818108,0.004081638319648456,-0.2454908500062064,0.8666666666666667,0.8595089546209436,1.2246467991473532e-16,-1.0,0.9377521321470804,0.3473052528448203,0.7818314824680298,0.6234898018587336
-0.03568059501983645,-0.01820070464684639,-0.010193768189542944,-0.02892763690617937,0.5700534579663241,0.8666666666666667,0.8595538399389561,1.2246467991473532e-16,-1.0,0.9884683243281114,0.1514277775045767,0.9749279121818236,-0.22252093395631434
0.016949558313773205,0.016194685919980606,-0.018614808442231935,0.024845998586530804,-0.166473364553931,0.8666666666666667,0.8595987252569685,1.2246467991473532e-16,-1.0,0.9987165071710528,-0.05064916883871264,0.43388373911755823,-0.900968867902419
-0.012685159527315687,-0.01212136053234485,0.014508026489578635,-0.0061538655743782235,-0.21492271816935263,0.8666666666666667,0.859643610574981,1.2246467991473532e-16,-1.0,0.9680771188662043,-0.2506525322587204,-0.433883739117558,-0.9009688679024191
0.021053409197832263,0.0,-0.006191970247921107,-0.002059732963010616,-0.25432647875089776,0.8666666666666667,0.8596884958929935,1.2246467991473532e-16,-1.0,0.8978045395707416,-0.4403941515576344,-0.9749279121818236,-0.2225209339563146
-0.07346715188187251,-0.006116227017436094,0.012345835822299362,-0.05946550004327852,0.42586890129002514,0.8666666666666667,0.8598231518470308,1.2246467991473532e-16,-1.0,0.48530196253108104,-0.8743466161445821,0.7818314824680298,0.6234898018587336
-0.01810004164361799,-0.07647036399183803,-0.07647036399183803,-0.031113620849069042,-0.09176965682970838,0.8666666666666667,0.8598680371650433,1.2246467991473532e-16,-1.0,0.29936312297335804,-0.9541392564000488,0.9749279121818236,-0.22252093395631434
-0.023095714794649395,-0.024582243405335907,-0.03139271240786272,-0.015927526696101306,-0.24057318644949346,0.8666666666666667,0.8599129224830558,1.2246467991473532e-16,-1.0,0.10116832198743272,-0.994869323391895,0.43388373911755823,-0.900968867902419
0.006984894521950969,0.01793770068666725,-0.01376168507268149,0.031605339415331044,0.5089006953564064,0.8666666666666667,0.8599578078010683,1.2246467991473532e-16,-1.0,-0.10116832198743204,-0.9948693233918952,-0.433883739117558,-0.9009688679024191
-0.06222102299720868,-0.015677812719229793,0.02283204204264569,-0.06424226872835359,-0.3046151626765932,0.8666666666666667,0.8600026931190808,1.2246467991473532e-16,-1.0,-0.29936312297335776,-0.9541392564000489,-0.9749279121818236,-0.2225209339563146
-0.02500130220541727,-0.0391304237757652,-0.0391304237757652,-0.0312901579932101,0.21482235183213777,0.8666666666666667,0.8601373490731182,1.2246467991473532e-16,-1.0,-0.7907757369376986,-0.6121059825476627,0.7818314824680298,0.6234898018587336
0.01007565198874164,0.0,-0.048086186667637795,0.007308193306724622,-0.27958486221916157,0.8666666666666667,0.8601822343911307,1.2246467991473532e-16,-1.0,-0.8978045395707417,-0.44039415155763423,0.9749279121818236,-0.22252093395631434
0.01985176855273153,0.020906684819313643,0.00736199644106904,0.02871010588243136,-0.17446717867881045,0.8666666666666667,0.8602271197091432,1.2246467991473532e-16,-1.0,-0.9680771188662041,-0.2506525322587213,0.43388373911755823,-0.900968867902419
0.01946533478810325,0.01142869582362285,0.0407241902265687,0.0023557136924589835,0.621661874099235,0.8666666666666667,0.8602720050271557,1.2246467991473532e-16,-1.0,-0.9987165071710528,-0.05064916883871355,-0.433883739117558,-0.9009688679024191
0.019093658815579603,0.009049835519917856,-0.007067167223092443,0.01633641931969338,-0.26030374555629104,0.8666666666666667,0.8603168903451681,1.2246467991473532e-16,-1.0,-0.9884683243281114,0.15142777750457667,-0.9749279121818236,-0.2225209339563146
0.01175101653551873,-0.0113251493570534,0.030270064302756285,0.0023121397583796004,-0.28867364417407604,0.8666666666666667,0.8604515462992056,1.2246467991473532e-16,-1.0,-0.7247927872291207,0.6889669190756859,0.7818314824680298,0.6234898018587336
-0.014117881545784932,-0.0022805026987252177,0.0,-0.01395371477386532,0.18320300242176038,0.8666666666666667,0.8604964316172181,1.2246467991473532e-16,-1.0,-0.5712682150947924,0.8207634412072763,0.9749279121818236,-0.22252093395631434
-0.02398196468648544,-0.013793322132335873,-0.030270064302756337,-0.007050557996666799,0.190911575802328,0.8666666666666667,0.8605413169352305,1.2246467991473532e-16,-1.0,-0.3943558551133187,0.9189578116202306,0.43388373911755823,-0.900968867902419
0.012062872449275163,0.01379332213233577,0.0,0.009389740349839137,-0.25339640691194226,0.8666666666666667,0.860586202253243,1.2246467991473532e-16,-1.0,-0.20129852008866114,0.9795299412524943,-0.433883739117558,-0.9009688679024191
-0.012062872449275095,-0.013793322132335873,0.0,-0.011751016535518853,-0.15708581548302097,0.8666666666666667,0.8606310875712555,-0.4999999999999997,-0.8660254037844388,0.20129852008866006,0.9795299412524945,-0.9749279121818236,-0.2225209339563146
0.016847570572611444,-0.004640379556502225,0.0,0.004716989878138867,0.6228306821424856,0.8666666666666667,0.8607657435252929,-0.4999999999999997,-0.8660254037844388,0.72479278722912,0.6889669190756866,0.7818314824680298,0.6234898018587336
0.004761913760243785,0.020714204387563235,0.0,0.018648559078072995,-0.3137737501059712,0.8666666666666667,0.8608106288433054,-0.4999999999999997,-0.8660254037844388,0.8486442574947509,0.5289640103269624,0.9749279121818236,-0.22252093395631434
0.014151179546243182,0.01357486909106885,0.014084739881739023,0.018307147444356107,-0.2106340061466756,0.8666666666666667,0.8608555141613179,-0.4999999999999997,-0.8660254037844388,0.9377521321470804,0.3473052528448203,0.43388373911755823,-0.900968867902419
0.002339182353172241,0.006718950248745009,0.03436764350420782,-0.0045454623716746105,0.4479763761458501,0.8666666666666667,0.8609003994793304,-0.4999999999999997,-0.8660254037844388,0.9884683243281114,0.1514277775045767,-0.433883739117558,-0.9009688679024191
0.01851904776723753,0.013303965626362886,-0.018182319083190474,0.011325149357053503,-0.20367582411578897,0.8666666666666667,0.8609452847973429,-0.4999999999999997,-0.8660254037844388,0.9987165071710528,-0.05064916883871264,-0.9749279121818236,-0.2225209339563146
-0.018519047767237527,-0.017778246021283944,0.02267670867102972,-0.020478531343540676,-0.2250928696702594,0.8666666666666667,0.8610799407513803,-0.4999999999999997,-0.8660254037844388,0.7907757369376989,-0.6121059825476626,0.7818314824680298,0.6234898018587336
0.0,-0.015819538944892766,-0.015819538944892766,-0.004608303086194219,0.2910301200169315,0.8666666666666667,0.8611248260693928,-0.4999999999999997,-0.8660254037844388,0.6513724827222223,-0.758758122692791,0.9749279121818236,-0.22252093395631434
0.0,0.0022753138371356054,-0.0068571697261370235,0.0,-0.13757654722382892,0.8666666666666667,0.8611697113874053,-0.4999999999999997,-0.8660254037844388,0.48530196253108104,-0.8743466161445821,0.43388373911755823,-0.900968867902419
0.004662013105811371,0.011299555253933466,0.0,0.009195467093100394,-0.42660754468197354,0.8666666666666667,0.8612145967054177,-0.4999999999999997,-0.8660254037844388,0.29936312297335804,-0.9541392564000488,-0.433883739117558,-0.9009688679024191
0.0023228814161397287,0.011173300598125255,-0.006904515346544487,0.011376686982108048,0.6597428527281038,0.8666666666666667,0.8612594820234302,-0.4999999999999997,-0.8660254037844388,0.10116832198743272,-0.994869323391895,-0.9749279121818236,-0.2225209339563146
0.01839132297142367,0.01762160134981941,0.016036998909817104,0.022372297754532984,-0.4744875693333967,0.8666666666666667,0.8613941379774677,-0.4999999999999997,-0.8660254037844388,-0.4853019625310808,-0.8743466161445822,0.7818314824680298,0.6234898018587336
0.009070356969964279,-0.004376374599798888,0.035718082602079246,-0.0022148403295527874,0.16531129884094622,0.8666666666666667,0.86143902329548,-0.4999999999999997,-0.8660254037844388,-0.6513724827222217,-0.7587581226927913,0.9749279121818236,-0.22252093395631434
0.011223462369849576,0.0043763745997987815,0.0,0.01102547001170764,0.17078042027187018,0.8666666666666667,0.8614839086134926,-0.4999999999999997,-0.8660254037844388,-0.7907757369376986,-0.6121059825476627,0.43388373911755823,-0.900968867902419
0.006674107087693218,0.002181025946360146,0.0065574005461590396,-0.004395611473038109,0.10297899512284985,0.8666666666666667,0.861528793931505,-0.4999999999999997,-0.8660254037844388,-0.8978045395707417,-0.44039415155763423,-0.433883739117558,-0.9009688679024191
-0.004444451760424018,0.008676844025688815,-0.01758287055786682,0.0022002209096023376,-0.34025621086450597,0.8666666666666667,0.8615736792495176,-0.4999999999999997,-0.8660254037844388,-0.9680771188662041,-0.2506525322587213,-0.9749279121818236,-0.2225209339563146
-0.011198325310029563,-0.010857869972049069,0.015401844611506703,-0.011049836186584935,0.27003634535858584,0.8666666666666667,0.8617083352035549,-0.4999999999999997,-0.8660254037844388,-0.9377521321470804,0.3473052528448203,0.7818314824680298,0.6234898018587336
-0.0022547923870890937,-0.004376374599798888,-0.004376374599798888,-0.0022246950221111624,-0.1507800622650381,0.8666666666666667,0.8617532205215674,-0.4999999999999997,-0.8660254037844388,-0.8486442574947509,0.5289640103269624,0.9749279121818236,-0.22252093395631434
0.0,0.030239885189718176,-0.006600684031352024,0.00886923774077979,0.3344818815279511,0.8666666666666667,0.8617981058395799,-0.4999999999999997,-0.8660254037844388,-0.7247927872291207,0.6889669190756859,0.43388373911755823,-0.900968867902419
0.011223462369849576,0.033475929196389545,-0.008869237740779773,0.03684056922107022,-0.14487075560713172,0.8666666666666667,0.8618429911575924,-0.4999999999999997,-0.8660254037844388,-0.5712682150947924,0.8207634412072763,-0.433883739117558,-0.9009688679024191
0.05430215607694778,0.0,0.05207250074967862,0.02728395894846851,-0.1736787655397341,0.8666666666666667,0.8618878764756049,-0.4999999999999997,-0.8660254037844388,-0.3943558551133187,0.9189578116202306,-0.9749279121818236,-0.2225209339563146
0.01260520891898219,0.028399474521697957,0.01260520891898219,0.016427474141947996,0.35245107282254723,0.8666666666666667,0.8620225324296423,-0.8660254037844385,-0.5000000000000004,0.20129852008866006,0.9795299412524945,0.7818314824680298,0.6234898018587336
0.012448293526567863,0.0,0.01861480844223201,0.006091389393401913,-0.4949036707554053,0.8666666666666667,0.8620674177476548,-0.8660254037844385,-0.5000000000000004,0.39435585511331855,0.9189578116202306,0.9749279121818236,-0.22252093395631434
0.014329825554824868,0.009950330853168092,0.020284671171505717,0.01007057856359609,0.36622819393259826,0.8666666666666667,0.8621123030656673,-0.8660254037844385,-0.5000000000000004,0.5712682150947923,0.8207634412072763,0.43388373911755823,-0.900968867902419
-0.006116227017436094,-0.003968259175620622,0.009990093075086186,-0.008048333182828372,-0.2857182620296586,0.8666666666666667,0.8621571883836797,-0.8660254037844385,-0.5000000000000004,0.72479278722912,0.6889669190756866,-0.433883739117558,-0.9009688679024191
0.002042901629800331,0.0293850721597439,-0.022111453607431036,0.01603240753104901,0.37279984155362866,0.8666666666666667,0.8622020737016922,-0.8660254037844385,-0.5000000000000004,0.8486442574947509,0.5289640103269624,-0.9749279121818236,-0.2225209339563146
0.012170535620255114,0.0,0.01412737925921049,0.013820555618632316,-0.17509828668676025,0.8666666666666667,0.8623367296557297,-0.8660254037844385,-0.5000000000000004,0.9987165071710528,-0.05064916883871264,0.7818314824680298,0.6234898018587336
0.008032171697264253,-0.009699397088713506,0.027669749419250895,-0.00392927813988955,-0.24240813995519875,0.8666666666666667,0.8623816149737421,-0.8660254037844385,-0.5000000000000004,0.9680771188662043,-0.2506525322587204,0.9749279121818236,-0.22252093395631434
0.01980262729617973,0.038245578995075004,0.0,0.032916815013141795,0.5388010928180448,0.8666666666666667,0.8624265002917546,-0.8660254037844385,-0.5000000000000004,0.8978045395707416,-0.4403941515576344,0.43388373911755823,-0.900968867902419
0.02133931603499539,-0.0018779348242002089,0.015474196582597383,0.0019029501460860636,-0.3492858556608502,0.8666666666666667,0.8624713856097671,-0.8660254037844385,-0.5000000000000004,0.7907757369376989,-0.6121059825476626,-0.433883739117558,-0.9009688679024191
-0.01742541671385917,-0.005655057483344988,0.015238390104932446,-0.01532597047822682,-0.10956271300718956,0.8666666666666667,0.8625162709277796,-0.8660254037844385,-0.5000000000000004,0.6513724827222223,-0.758758122692791,-0.9749279121818236,-0.2225209339563146
0.0,-0.0018921481520379265,-0.0307125866875298,0.005774799493883958,0.29174038479250125,0.8666666666666667,0.862650926881817,-0.8660254037844385,-0.5000000000000004,0.10116832198743272,-0.994869323391895,0.7818314824680298,0.6234898018587336
0.007782140442054949,-0.005698021114637779,0.023122417420854212,-0.0019212301778939326,0.026784182069779186,0.8666666666666667,0.8626958121998295,-0.8660254037844385,-0.5000000000000004,-0.10116832198743204,-0.9948693233918952,0.9749279121818236,-0.22252093395631434
0.0,0.011363758650315003,-0.013423020332140661,0.009569451016150672,-0.548727609889449,0.8666666666666667,0.862740697517842,-0.8660254037844385,-0.5000000000000004,-0.29936312297335776,-0.9541392564000489,0.43388373911755823,-0.900968867902419
0.005797117684325915,0.01680711831638119,0.02101318959881639,0.007590169266675653,0.6450039460509657,0.8666666666666667,0.8627855828358545,-0.8660254037844385,-0.5000000000000004,-0.4853019625310808,-0.8743466161445822,-0.433883739117558,-0.9009688679024191
0.03595467699589567,0.016529301951210506,0.020580707700020663,0.02796081499764329,-0.27372230476389153,0.8666666666666667,0.8628304681538669,-0.8660254037844385,-0.5000000000000004,-0.6513724827222217,-0.7587581226927913,-0.9749279121818236,-0.2225209339563146
-0.0037243990909824397,0.0018198367169858993,0.018349138668196617,-0.003683245416296405,-0.2702903297399117,0.8666666666666667,0.8629651241079044,-0.8660254037844385,-0.5000000000000004,-0.9680771188662041,-0.2506525322587213,0.7818314824680298,0.6234898018587336
0.003724399090982494,0.023361349913173818,-0.01834913866819654,0.021898685307637524,0.6738739697483707,0.8666666666666667,0.8630100094259169,-0.8660254037844385,-0.5000000000000004,-0.9987165071710528,-0.05064916883871355,0.9749279121818236,-0.22252093395631434
0.029306126585499487,0.005314450063492446,0.047024938644862777,0.008984786407815257,-0.8381330388963899,0.8666666666666667,0.8630548947439293,-0.8660254037844385,-0.5000000000000004,-0.9884683243281114,0.15142777750457667,0.43388373911755823,-0.900968867902419
0.008984786407815257,0.01054491317661504,0.0,0.008904778342959685,0.29130395254293523,0.8666666666666667,0.8630997800619418,-0.8660254037844385,-0.5000000000000004,-0.9377521321470804,0.3473052528448203,-0.433883739117558,-0.9009688679024191
0.0035714323675971795,0.0,0.01054491317661504,0.0017714796483820209,0.3504735423533062,0.8666666666666667,0.8631446653799543,-0.8660254037844385,-0.5000000000000004,-0.8486442574947509,0.5289640103269624,-0.9749279121818236,-0.2225209339563146
-0.034454904083050054,-0.005258557253466939,-0.005258557253466939,-0.028727289636910312,-0.5450169885142699,0.8666666666666667,0.8632793213339917,-0.8660254037844385,-0.5000000000000004,-0.3943558551133187,0.9189578116202306,0.7818314824680298,0.6234898018587336
0.005519793223597901,-0.021315194199046858,-0.02852243260399614,0.0036363676433839335,0.29555612888268684,0.8666666666666667,0.8633242066520042,-0.8660254037844385,-0.5000000000000004,-0.20129852008866114,0.9795299412524943,0.9749279121818236,-0.22252093395631434
0.007312646846286557,0.0017937224540269007,-0.0036231923694202838,0.00542987759436924,0.34899849644039327,0.8666666666666667,0.8633690919700167,-0.8660254037844385,-0.5000000000000004,-2.4492935982947064e-16,1.0,0.43388373911755823,-0.900968867902419
-0.0018231545615151365,0.0035778213478839024,0.012624153228396407,0.0,-0.8308365833331316,0.8666666666666667,0.863593518560079,-1.0,-1.8369701987210297e-16,0.8486442574947509,0.5289640103269624,0.7818314824680298,0.6234898018587336
0.0,-0.005371543801910877,-0.005390848634876423,-0.0018066852249490357,0.10963707242508657,0.8666666666666667,0.8636384038780915,-1.0,-1.8369701987210297e-16,0.9377521321470804,0.3473052528448203,0.9749279121818236,-0.22252093395631434
-0.0018264845260342985,-0.009017193650188745,-0.012692826798418958,-0.0036231923694202838,0.6924356899571813,0.8666666666666667,0.863683289196104,-1.0,-1.8369701987210297e-16,0.9884683243281114,0.1514277775045767,0.43388373911755823,-0.900968867902419
0.0,0.007220247973487097,0.0018231545615151783,0.0018132371241807218,-0.3674084995818411,0.8666666666666667,0.8637281745141165,-1.0,-1.8369701987210297e-16,0.9987165071710528,-0.05064916883871264,-0.433883739117558,-0.9009688679024191
0.007286006730933313,0.007168489478612497,0.00906624523775326,0.003616640470188515,0.10340588307212964,0.8666666666666667,0.8637730598321289,-1.0,-1.8369701987210297e-16,0.9680771188662043,-0.2506525322587204,-0.9749279121818236,-0.2225209339563146
0.007233304593520061,0.015943650397135946,0.003603607503298618,0.01077209698191104,0.22702848821408558,0.8666666666666667,0.8639077157861664,-1.0,-1.8369701987210297e-16,0.6513724827222223,-0.758758122692791,0.7818314824680298,0.6234898018587336
0.014311514393255946,0.005258557253467051,0.012511333889107929,0.015943650397135946,-0.23821220217046687,0.8666666666666667,0.8639526011041789,-1.0,-1.8369701987210297e-16,0.48530196253108104,-0.8743466161445821,0.9749279121818236,-0.22252093395631434
-0.016114941392406587,0.0034904049397685676,0.01934976817987609,-0.012378584232639869,-0.25408838863531474,0.8666666666666667,0.8639974864221913,-1.0,-1.8369701987210297e-16,0.29936312297335804,-0.9541392564000488,0.43388373911755823,-0.900968867902419
-0.0018066852249490357,-0.006993035490970637,-0.006993035490970637,0.0017777782459993572,0.12095857556240408,0.8666666666666667,0.8640423717402038,-1.0,-1.8369701987210297e-16,0.10116832198743272,-0.994869323391895,-0.433883739117558,-0.9009688679024191
-0.08094727580396334,-0.015915455305899568,-0.019486887673496624,-0.05288378917949551,0.2630640689624496,0.8666666666666667,0.8640872570582163,-1.0,-1.8369701987210297e-16,-0.10116832198743204,-0.9948693233918952,-0.9749279121818236,-0.2225209339563146
-0.06271012830745623,-0.056843898976528834,-0.053272466608931646,-0.06778974320867623,-0.4958903209930768,0.8666666666666667,0.8642219130122537,-1.0,-1.8369701987210297e-16,-0.6513724827222217,-0.7587581226927913,0.7818314824680298,0.6234898018587336
-0.012605208918982279,-0.070341489358245,-0.10117640913525226,-0.03052118903488699,0.4382549309311553,0.8666666666666667,0.8642667983302662,-1.0,-1.8369701987210297e-16,-0.7907757369376986,-0.6121059825476627,0.9749279121818236,-0.22252093395631434
-0.02136833440569891,-0.008130126083250176,0.022704793693757098,-0.018770102681990492,-0.2810202085669356,0.8666666666666667,0.8643116836482787,-1.0,-1.8369701987210297e-16,-0.8978045395707417,-0.44039415155763423,0.43388373911755823,-0.900968867902419
-0.06930146584212371,-0.03319806940959574,-0.03319806940959574,-0.06524052186840097,-0.07304263114387173,0.8666666666666667,0.8643565689662912,-1.0,-1.8369701987210297e-16,-0.9680771188662041,-0.2506525322587213,-0.433883739117558,-0.9009688679024191
0.022884293833587806,-0.023480267608842472,-0.06313303952883631,0.022223136784710256,-0.2514919063184648,0.8666666666666667,0.8644014542843037,-1.0,-1.8369701987210297e-16,-0.9987165071710528,-0.05064916883871355,-0.9749279121818236,-0.2225209339563146
-0.05582844955294184,-0.017429635135283648,0.022223136784710256,-0.056512210263342334,0.23394759666755538,0.8666666666666667,0.8645361102383411,-1.0,-1.8369701987210297e-16,-0.8486442574947509,0.5289640103269624,0.7818314824680298,0.6234898018587336
0.0071514011576250865,-0.03352269203864356,-0.04036422385536023,-0.016413029641330144,0.3261244997403069,0.8666666666666667,0.8645809955563536,-1.0,-1.8369701987210297e-16,-0.7247927872291207,0.6889669190756859,0.9749279121818236,-0.22252093395631434
-0.019185240721348612,-0.02298951822469872,-0.04445176257083381,-0.011890746521521674,-0.17071039586627665,0.8666666666666667,0.8646258808743661,-1.0,-1.8369701987210297e-16,-0.5712682150947924,0.8207634412072763,0.43388373911755823,-0.900968867902419
-0.009732436918231,-0.007001195458983588,-0.019324272826402814,0.0047732787526575905,0.3005854772876888,0.8666666666666667,0.8646707661923785,-1.0,-1.8369701987210297e-16,-0.3943558551133187,0.9189578116202306,-0.433883739117558,-0.9009688679024191
-0.01975372873623254,-0.009411834182346595,0.02171376022378426,-0.014388737452099556,-0.6235134888011445,0.8666666666666667,0.864715651510391,-1.0,-1.8369701987210297e-16,-0.20129852008866114,0.9795299412524943,-0.9749279121818236,-0.2225209339563146
-0.017610518008635393,-0.04101901944454527,-0.03151776032040507,-0.03941396854087663,0.19001485693026332,0.8666666666666667,0.8648503074644285,-0.866025403784439,0.49999999999999933,0.5712682150947923,0.8207634412072763,0.7818314824680298,0.6234898018587336
-0.010204170174241736,-0.002466092495193554,-0.019901154317294913,0.0,-0.117937559337445,0.8666666666666667,0.8648951927824409,-0.866025403784439,0.49999999999999933,0.72479278722912,0.6889669190756866,0.9749279121818236,-0.22252093395631434
0.012739025777429712,0.019560525854493572,0.0,0.010000083334583399,0.2267531623415769,0.8666666666666667,0.8649400781004534,-0.866025403784439,0.49999999999999933,0.8486442574947509,0.5289640103269624,0.43388373911755823,-0.900968867902419
0.015075662405447396,0.0024183808642816527,0.03457134406508872,0.009901070982711537,0.15288285081432754,0.8666666666666667,0.8649849634184659,-0.866025403784439,0.49999999999999933,0.9377521321470804,0.3473052528448203,-0.433883739117558,-0.9009688679024191
-0.03295608768329572,-0.002418380864281638,0.0024242436115064756,-0.019901154317294913,-0.6031099389264799,0.8666666666666667,0.8650298487364784,-0.866025403784439,0.49999999999999933,0.9884683243281114,0.1514277775045767,-0.9749279121818236,-0.2225209339563146
-0.03141619623337893,-0.017094433359300068,-0.05986824934258652,-0.030614635819606863,0.8557291504525044,0.8666666666666667,0.8651645046905158,-0.866025403784439,0.49999999999999933,0.8978045395707416,-0.4403941515576344,0.7818314824680298,0.6234898018587336
0.010582109330537008,0.0,0.042773815983286445,0.005167970158442598,-0.642038670991,0.8666666666666667,0.8652093900085283,-0.866025403784439,0.49999999999999933,0.7907757369376989,-0.6121059825476626,0.9749279121818236,-0.22252093395631434
0.0,0.021925360628965683,-0.0609325509951575,0.01280427224598775,0.22089383158019424,0.8666666666666667,0.8652542753265408,-0.866025403784439,0.49999999999999933,0.6513724827222223,-0.758758122692791,0.43388373911755823,-0.900968867902419
0.05129329438755048,0.014354313451683122,0.08044536521873928,0.04963798109177153,-0.2906895935157362,0.8666666666666667,0.8652991606445533,-0.866025403784439,0.49999999999999933,0.48530196253108104,-0.8743466161445821,-0.433883739117558,-0.9009688679024191
0.0368139731227164,0.014151179546243182,0.0120049460968234,0.021557721074979056,0.5254768052620092,0.8666666666666667,0.8653440459625658,-0.866025403784439,0.49999999999999933,0.29936312297335804,-0.9541392564000488,-0.9749279121818236,-0.2225209339563146
-0.009685305734463655,0.007001195458983561,0.004761913760243785,-0.004750602758597865,-0.37866798523279915,0.8666666666666667,0.8654787019166031,-0.866025403784439,0.49999999999999933,-0.29936312297335776,-0.9541392564000489,0.7818314824680298,0.6234898018587336
0.0192777054259031,0.011560822401076006,0.014151179546243182,0.014184634991956381,0.2546321377792289,0.8666666666666667,0.8655235872346156,-0.866025403784439,0.49999999999999933,-0.4853019625310808,-0.8743466161445822,0.9749279121818236,-0.22252093395631434
0.009501259124140215,-0.004608303086194219,0.013953714773865308,0.00701757265864654,-0.19530875232076572,0.8666666666666667,0.8655684725526281,-0.866025403784439,0.49999999999999933,-0.6513724827222217,-0.7587581226927913,0.43388373911755823,-0.900968867902419
-0.0190936588155797,0.006904515346544486,-0.009280809074472856,-0.00936775000360016,-0.2795453310587192,0.8666666666666667,0.8656133578706405,-0.866025403784439,0.49999999999999933,-0.7907757369376986,-0.6121059825476627,-0.433883739117558,-0.9009688679024191
-0.036813973122716316,0.0,0.01618532442101735,-0.019002947125615358,0.5420981147085953,0.8666666666666667,0.865658243188653,-0.866025403784439,0.49999999999999933,-0.8978045395707417,-0.44039415155763423,-0.9749279121818236,-0.2225209339563146
-0.012578782206860073,-0.07128908374730171,-0.07128908374730171,-0.04162167469081943,-0.4537370277016761,0.8666666666666667,0.8657928991426905,-0.866025403784439,0.49999999999999933,-0.9884683243281114,0.15142777750457667,0.7818314824680298,0.6234898018587336
-0.01788042527784841,-0.014888612493750637,-0.01739174271186922,-0.015113637810048184,0.20699004422298786,0.8666666666666667,0.8658377844607029,-0.866025403784439,0.49999999999999933,-0.9377521321470804,0.3473052528448203,0.9749279121818236,-0.22252093395631434
-0.007762005335489189,0.01242251999855711,-0.012610507591929696,-0.007643349312568012,0.2063568780874299,0.8666666666666667,0.8658826697787154,-0.866025403784439,0.49999999999999933,-0.8486442574947509,0.5289640103269624,0.43388373911755823,-0.900968867902419
0.025642430613337652,0.05055227916283125,0.02753615780860535,0.047449599712987775,0.10781089669277824,0.8666666666666667,0.8659275550967279,-0.866025403784439,0.49999999999999933,-0.7247927872291207,0.6889669190756859,-0.433883739117558,-0.9009688679024191
0.06374706878125946,0.01398624197473987,0.05055227916283125,0.03593200922606337,-0.4747726924222609,0.8666666666666667,0.8659724404147404,-0.866025403784439,0.49999999999999933,-0.5712682150947924,0.8207634412072763,-0.9749279121818236,-0.2225209339563146
-0.01676685985706709,-0.004640379556502225,0.009345862418237599,-0.0094563352420354,0.027934777331554066,0.8666666666666667,0.8661070963687778,-0.866025403784439,0.49999999999999933,-2.4492935982947064e-16,1.0,0.7818314824680298,0.6234898018587336
0.019139340210697506,0.03653374333245607,-0.004662013105811301,0.04186657939278986,0.23899520873179778,0.8666666666666667,0.8661519816867903,-0.5000000000000012,0.8660254037844379,0.20129852008866006,0.9795299412524945,0.9749279121818236,-0.22252093395631434
0.041769412876295146,0.00223964259350466,0.02765153133050995,0.01357486909106885,-0.16853417768584558,0.8666666666666667,0.8661968670048028,-0.5000000000000012,0.8660254037844379,0.39435585511331855,0.9189578116202306,0.43388373911755823,-0.900968867902419
-0.01373019281190202,0.00668898815079671,0.013544225107757253,-0.004504512121104541,-0.25941611133554066,0.8666666666666667,0.8662417523228153,-0.5000000000000012,0.8660254037844379,0.5712682150947923,0.8207634412072763,-0.433883739117558,-0.9009688679024191
-0.037563101575648496,-0.008928630744301318,0.0,-0.036785756816511105,0.28851367333130684,0.8666666666666667,0.8662866376408277,-0.5000000000000012,0.8660254037844379,0.72479278722912,0.6889669190756866,-0.9749279121818236,-0.2225209339563146
-0.019324272826402814,-0.045879605750693664,-0.05058549678810634,-0.011778699192612763,0.1839826867440311,0.8666666666666667,0.8664212935948652,-0.5000000000000012,0.8660254037844379,0.9884683243281114,0.1514277775045767,0.7818314824680298,0.6234898018587336
-0.027195742808490055,-0.033415996919844065,-0.028710105882431367,-0.03865215443427911,-0.4285511281423469,0.8666666666666667,0.8664661789128777,-0.5000000000000012,0.8660254037844379,0.9987165071710528,-0.05064916883871264,0.9749279121818236,-0.22252093395631434
0.01985176855273153,0.014458083175229917,-0.004866189651172899,0.01951281422358172,0.05423482371766377,0.8666666666666667,0.8665110642308901,-0.5000000000000012,0.8660254037844379,0.9680771188662043,-0.2506525322587204,0.43388373911755823,-0.900968867902419
-0.055569851154810765,-0.004796172263493055,0.009708814126960903,-0.03690455693545098,0.10987519601235296,0.8666666666666667,0.8665559495489026,-0.5000000000000012,0.8660254037844379,0.8978045395707416,-0.4403941515576344,-0.433883739117558,-0.9009688679024191
-0.005208345107138235,-0.0317486983145803,-0.06744128079553253,0.0,0.30010459245033816,0.8666666666666667,0.8666008348669151,-0.5000000000000012,0.8660254037844379,0.7907757369376989,-0.6121059825476626,-0.9749279121818236,-0.2225209339563146
0.0026075634070807695,-0.002484473327661945,0.03802739558923932,-0.01515180502060222,-0.6078055317926108,0.8666666666666667,0.8667354908209525,-0.5000000000000012,0.8660254037844379,0.29936312297335804,-0.9541392564000488,0.7818314824680298,0.6234898018587336
-0.05074519900523532,-0.022642476749759777,-0.022642476749759777,-0.03627340678683487,0.4091348369971269,0.8666666666666667,0.866780376138965,-0.5000000000000012,0.8660254037844379,0.10116832198743272,-0.994869323391895,0.9749279121818236,-0.22252093395631434
-0.024966622730461057,-0.023167059281534418,-0.060306606230991135,-0.021334142474991172,0.11302338840339544,0.8666666666666667,0.8668252614569775,-0.5000000000000012,0.8660254037844379,-0.10116832198743204,-0.9948693233918952,0.43388373911755823,-0.900968867902419
0.057314456595980286,0.018065007397638985,0.034531983542375945,0.03444048998029177,-0.4158790142256233,0.8666666666666667,0.86687014677499,-0.5000000000000012,0.8660254037844379,-0.29936312297335776,-0.9541392564000489,-0.433883739117558,-0.9009688679024191
0.0183973651397161,0.022756987122616278,0.012970350442627405,0.015504186535965254,0.1809431968238333,0.8666666666666667,0.8669150320930025,-0.5000000000000012,0.8660254037844379,-0.4853019625310808,-0.8743466161445822,-0.9749279121818236,-0.2225209339563146
0.018065007397638985,0.009950330853168092,0.025446665661164176,0.01778954156349824,0.1046706225638886,0.8666666666666667,0.8670496880470399,-0.5000000000000012,0.8660254037844379,-0.8978045395707417,-0.44039415155763423,0.7818314824680298,0.6234898018587336
0.03022900196131729,0.03406655456360627,0.012484556662245277,0.032220879011162995,0.13678695708428878,0.8666666666666667,0.8670945733650524,-0.5000000000000012,0.8660254037844379,-0.9680771188662041,-0.2506525322587213,0.9749279121818236,-0.22252093395631434
0.004950505159856205,0.0,0.036544870578073346,0.0,-0.41581096679295515,0.8666666666666667,0.8671394586830649,-0.5000000000000012,0.8660254037844379,-0.9987165071710528,-0.05064916883871355,0.43388373911755823,-0.900968867902419
-0.019950786419348682,-0.021766276481954512,-0.024214258120594627,-0.014742281737203431,0.1349671430506269,0.8666666666666667,0.8671843440010774,-0.5000000000000012,0.8660254037844379,-0.9884683243281114,0.15142777750457667,-0.433883739117558,-0.9009688679024191
0.0025157245972473705,0.03601829918915591,-0.017305747097592566,0.00985229644301164,0.11378973907916215,0.8666666666666667,0.8672292293190897,-0.5000000000000012,0.8660254037844379,-0.9377521321470804,0.3473052528448203,-0.9749279121818236,-0.2225209339563146
0.06328144994752001,0.04834082693428247,0.05577202792538866,0.06407885668452239,0.31296786968045426,0.8666666666666667,0.8673638852731272,-0.5000000000000012,0.8660254037844379,-0.5712682150947924,0.8207634412072763,0.7818314824680298,0.6234898018587336
0.0256125758567263,-0.006764400088542037,0.037041271680349076,0.009153381986487201,-0.5422119375866613,0.8666666666666667,0.8674087705911397,-0.5000000000000012,0.8660254037844379,-0.3943558551133187,0.9189578116202306,0.9749279121818236,-0.22252093395631434
-0.0023014969882792745,0.03118292743668806,-0.004555816535860691,0.01357486909106885,0.17531910426473665,0.8666666666666667,0.8674536559091521,-0.5000000000000012,0.8660254037844379,-0.20129852008866114,0.9795299412524943,0.43388373911755823,-0.900968867902419
0.01600034134644112,0.0021905813798186818,0.0402738991379399,0.008948605576014014,-0.1266056242715625,0.8666666666666667,0.8674985412271646,-2.4492935982947064e-16,1.0,0.20129852008866006,0.9795299412524945,-0.433883739117558,-0.9009688679024191
-0.025259666759237877,-0.011001211061973456,-0.03118292743668794,-0.020248160829947424,0.24498908024018978,0.8666666666666667,0.8675434265451771,-2.4492935982947064e-16,1.0,0.39435585511331855,0.9189578116202306,-0.9749279121818236,-0.2225209339563146
0.020714204387563235,-0.006659292089976849,0.015713005664556114,0.011299555253933466,-0.19853878259605265,0.8666666666666667,0.8676780824992145,-2.4492935982947064e-16,1.0,0.8486442574947509,0.5289640103269624,0.7818314824680298,0.6234898018587336
-0.023042494147154355,-0.01571300566455611,-0.01571300566455611,-0.022728251077556175,-0.19144060807273114,0.8666666666666667,0.867722967817227,-2.4492935982947064e-16,1.0,0.9377521321470804,0.3473052528448203,0.9749279121818236,-0.22252093395631434
-0.023585999005879228,-0.015963850989014088,-0.015963850989014088,-0.023256862164267235,0.2783299668815007,0.8666666666666667,0.8677678531352395,-2.4492935982947064e-16,1.0,0.9884683243281114,0.1514277775045767,0.43388373911755823,-0.900968867902419
0.009501259124140215,0.018223738956451654,-0.023256862164267235,0.027844026171173396,-0.1804441256403801,0.8666666666666667,0.867812738453252,-2.4492935982947064e-16,1.0,0.9987165071710528,-0.05064916883871264,-0.433883739117558,-0.9009688679024191
0.0,-0.0067950431328288015,0.03468555798789011,-0.011507606851479802,0.07731824778397017,0.8666666666666667,0.8678576237712645,-2.4492935982947064e-16,1.0,0.9680771188662043,-0.2506525322587204,-0.9749279121818236,-0.2225209339563146
-0.002366865010266168,-0.006841531816716712,-0.032335380642936465,-0.002317498140362479,0.16303962724450427,0.8666666666666667,0.8679922797253019,-2.4492935982947064e-16,1.0,0.6513724827222223,-0.758758122692791,0.7818314824680298,0.6234898018587336
0.007083854888405042,-0.011507606851479802,0.01398624197473987,0.0,-0.20095167326675334,0.8666666666666667,0.8680371650433144,-2.4492935982947064e-16,1.0,0.48530196253108104,-0.8743466161445821,0.9749279121818236,-0.22252093395631434
-0.00471698987813891,0.004618945856294458,-0.002317498140362479,-0.0023228814161396385,-0.27794090339622823,0.8666666666666667,0.8680820503613269,-2.4492935982947064e-16,1.0,0.29936312297335804,-0.9541392564000488,0.43388373911755823,-0.900968867902419
-0.002366865010266168,0.0,-0.018735911057469818,0.0023228814161397287,0.35810249592991783,0.8666666666666667,0.8681269356793393,-2.4492935982947064e-16,1.0,0.10116832198743272,-0.994869323391895,-0.433883739117558,-0.9009688679024191
0.014117881545785022,0.0,0.018735911057469846,0.0023174981403624824,-0.11796136824713696,0.8666666666666667,0.8681718209973518,-2.4492935982947064e-16,1.0,-0.10116832198743204,-0.9948693233918952,-0.9749279121818236,-0.2225209339563146
0.004662013105811371,0.013730192811902037,0.0023174981403624824,0.006920442844573757,-0.1826426356215645,0.8666666666666667,0.8683064769513893,-2.4492935982947064e-16,1.0,-0.6513724827222217,-0.7587581226927913,0.7818314824680298,0.6234898018587336
-0.01877989465159636,0.0,0.01379332213233577,-0.006920442844573795,0.2388196513366186,0.8666666666666667,0.8683513622694017,-2.4492935982947064e-16,1.0,-0.7907757369376986,-0.6121059825476627,0.9749279121818236,-0.22252093395631434
-0.007134394113874092,-0.02765153133051001,-0.023095714794649395,-0.02105340919783238,-0.17175542075607275,0.8666666666666667,0.8683962475874142,-2.4492935982947064e-16,1.0,-0.8978045395707417,-0.44039415155763423,0.43388373911755823,-0.900968867902419
0.004761913760243785,0.004662013105811371,-0.011751016535518853,0.007067167223092353,0.0301708776333633,0.8666666666666667,0.8684411329054267,-2.4492935982947064e-16,1.0,-0.9680771188662041,-0.2506525322587213,-0.433883739117558,-0.9009688679024191
0.011806512586989044,0.01385703466142628,0.007067167223092353,0.011668743834377424,-0.026573751452513904,0.8666666666666667,0.8684860182234392,-2.4492935982947064e-16,1.0,-0.9987165071710528,-0.05064916883871355,-0.9749279121818236,-0.2225209339563146
0.0046838493124264375,0.0022909517465557624,0.020906684819313643,0.0,0.05755729697248105,0.8666666666666667,0.8686206741774766,-2.4492935982947064e-16,1.0,-0.8486442574947509,0.5289640103269624,0.7818314824680298,0.6234898018587336
-0.02603697378299532,-0.01614798640798199,-0.011560822401075971,-0.018735911057469818,0.15946341871790437,0.8666666666666667,0.8686655594954891,-2.4492935982947064e-16,1.0,-0.7247927872291207,0.6889669190756859,0.9749279121818236,-0.22252093395631434
-0.02427303635620642,-0.016413029641330144,-0.016413029641330144,-0.028778964550043404,-0.4236938301346355,0.8666666666666667,0.8687104448135016,-2.4492935982947064e-16,1.0,-0.5712682150947924,0.8207634412072763,0.43388373911755823,-0.900968867902419
-0.009876623495911976,-0.02150620522096362,-0.033657023003476276,-0.009780029053639606,0.3122131472015621,0.8666666666666667,0.8687553301315141,-2.4492935982947064e-16,1.0,-0.3943558551133187,0.9189578116202306,-0.433883739117558,-0.9009688679024191
0.0024783160144670005,0.0,0.012150817782512528,0.002453988961566787,-0.24808861903202345,0.8666666666666667,0.8688002154495266,-2.4492935982947064e-16,1.0,-0.20129852008866114,0.9795299412524943,-0.9749279121818236,-0.2225209339563146
0.0,-0.009708814126960938,-0.009708814126960938,0.0,0.06220661180259236,0.8833333333333333,0.8689797567215765,0.49999999999999994,0.8660254037844387,0.5712682150947923,0.8207634412072763,0.9749279121818236,-0.22252093395631434
-0.00247831601446709,0.019324272826402842,-0.007343974255758506,0.00488998529419177,0.18588200722943093,0.8833333333333333,0.869024642039589,0.49999999999999994,0.8660254037844387,0.72479278722912,0.6889669190756866,0.43388373911755823,-0.900968867902419
0.026929411878631328,0.014252022707201413,0.021872074818668312,0.02171376022378426,-0.4391438557947326,0.8833333333333333,0.8690695273576013,0.49999999999999994,0.8660254037844387,0.8486442574947509,0.5289640103269624,-0.433883739117558,-0.9009688679024191
0.009615458699441973,0.004705891037412714,0.011947573421118202,0.009501259124140215,0.12913578115148458,0.8833333333333333,0.8691144126756138,0.49999999999999994,0.8660254037844387,0.9377521321470804,0.3473052528448203,-0.9749279121818236,-0.2225209339563146
0.0,0.01398624197473987,0.004739345363896568,0.01175101653551873,0.1881780889066676,0.8833333333333333,0.8692490686296513,0.49999999999999994,0.8660254037844387,0.9680771188662043,-0.2506525322587204,0.7818314824680298,0.6234898018587336
0.014252022707201413,0.004618945856294458,0.018735911057469846,0.0023337233462200966,-0.1514171929315978,0.8833333333333333,0.8692939539476637,0.49999999999999994,0.8660254037844387,0.8978045395707416,-0.4403941515576344,0.9749279121818236,-0.22252093395631434
0.009389740349839137,0.022780028331819906,-0.004651171175730844,0.025317807984289786,0.46654755774771706,0.8833333333333333,0.8693388392656762,0.49999999999999994,0.8660254037844387,0.7907757369376989,-0.6121059825476626,0.43388373911755823,-0.900968867902419
0.02765153133050995,0.011198325310029535,0.032112851117118674,0.009049835519917856,-0.20794669459677784,0.8833333333333333,0.8693837245836887,0.49999999999999994,0.8660254037844387,0.6513724827222223,-0.758758122692791,-0.433883739117558,-0.9009688679024191
0.0,-0.004464293128685493,-0.0022598879674374786,0.0,-0.37558803724521916,0.8833333333333333,0.8694286099017012,0.49999999999999994,0.8660254037844387,0.48530196253108104,-0.8743466161445821,-0.9749279121818236,-0.2225209339563146
-0.0022753138371355394,0.0,0.002259887967437504,0.0,0.29540870821755266,0.8833333333333333,0.8695632658557386,0.49999999999999994,0.8660254037844387,-0.10116832198743204,-0.9948693233918952,0.7818314824680298,0.6234898018587336
-0.02771539984654677,-0.004484312447328576,0.004504512121104508,-0.020478531343540676,-0.21738750265665635,0.8833333333333333,0.8696081511737511,0.49999999999999994,0.8660254037844387,-0.29936312297335776,-0.9541392564000489,0.9749279121818236,-0.22252093395631434
-0.018913093306486845,-0.02502974806583539,-0.027336554163750387,-0.025612575856726345,0.07031649841745968,0.8833333333333333,0.8696530364917636,0.49999999999999994,0.8660254037844387,-0.4853019625310808,-0.8743466161445822,0.43388373911755823,-0.900968867902419
-0.012004946096823375,-0.020955365175987995,-0.018648559078072977,-0.014252022707201502,-0.3112778930484633,0.8833333333333333,0.8696979218097761,0.49999999999999994,0.8660254037844387,-0.6513724827222217,-0.7587581226927913,-0.433883739117558,-0.9009688679024191
0.01438873745209967,-0.00471698987813891,-0.011834457647002796,0.009523881511255541,0.38465073321289245,0.8833333333333333,0.8700570043538759,0.49999999999999994,0.8660254037844387,-0.7247927872291207,0.6889669190756859,-0.9749279121818236,-0.2225209339563146
0.007117467768863955,0.01641302964133005,0.007117467768863955,0.009434032233358714,-0.0795648104123502,0.8833333333333333,0.8701916603079133,0.49999999999999994,0.8660254037844387,-0.20129852008866114,0.9795299412524943,0.7818314824680298,0.6234898018587336
-0.011890746521521674,-0.014051753455650302,-0.002366865010266168,-0.011806512586988952,0.11340262519390877,0.8833333333333333,0.8702365456259258,0.49999999999999994,0.8660254037844387,-2.4492935982947064e-16,1.0,0.9749279121818236,-0.22252093395631434
0.0023894873973814854,0.004705891037412714,-0.004750602758597865,0.004739345363896568,0.027349015404100764,0.8833333333333333,0.8702814309439383,0.8660254037844386,0.5000000000000001,0.20129852008866006,0.9795299412524945,0.43388373911755823,-0.900968867902419
0.0023837913552761975,0.0,0.0,0.004716989878138867,-0.15745349021594116,0.8833333333333333,0.8703263162619508,0.8660254037844386,0.5000000000000001,0.39435585511331855,0.9189578116202306,-0.433883739117558,-0.9009688679024191
0.007117467768863955,0.0023446669592540547,0.007117467768863955,0.0,-0.004219415542708211,0.8833333333333333,0.8703712015799633,0.8660254037844386,0.5000000000000001,0.5712682150947923,0.8207634412072763,-0.9749279121818236,-0.2225209339563146
-0.0047393453638965586,0.013953714773865308,-0.0047393453638965586,0.0046948443042076635,0.19701227220395828,0.8833333333333333,0.8705058575340007,0.8660254037844386,0.5000000000000001,0.9377521321470804,0.3473052528448203,0.7818314824680298,0.6234898018587336
0.0071006215495763685,-0.0069525193148817525,0.0071006215495763685,0.0,-0.3111023466598795,0.8833333333333333,0.8705507428520132,0.8660254037844386,0.5000000000000001,0.9884683243281114,0.1514277775045767,0.9749279121818236,-0.22252093395631434
0.007050557996666762,0.02298951822469878,0.007050557996666762,0.020858230120409788,0.3231818723144806,0.8833333333333333,0.8705956281700257,0.8660254037844386,0.5000000000000001,0.9987165071710528,-0.05064916883871264,0.43388373911755823,-0.900968867902419
0.020858230120409788,0.004535155165391363,0.029990713683682325,0.0045766670274118935,-0.29976159810638203,0.8833333333333333,0.8706405134880382,0.8660254037844386,0.5000000000000001,0.9680771188662043,-0.2506525322587204,-0.433883739117558,-0.9009688679024191
0.006857169726137045,0.028987536873252187,-0.0022753138371355394,0.02702867238791942,0.32850406697203605,0.8833333333333333,0.8706853988060506,0.8660254037844386,0.5000000000000001,0.8978045395707416,-0.4403941515576344,-0.9749279121818236,-0.2225209339563146
0.029182766757059917,0.01092907053219023,0.029182766757059917,0.015435808129839248,-0.23572233352106983,0.8833333333333333,0.8708200547600881,0.8660254037844386,0.5000000000000001,0.48530196253108104,-0.8743466161445821,0.7818314824680298,0.6234898018587336
0.006615239118719183,0.006500564603093463,0.013187004281953681,0.0043668191663403895,-0.0858612906063924,0.8833333333333333,0.8708649400781006,0.8660254037844386,0.5000000000000001,0.29936312297335804,-0.9541392564000488,0.9749279121818236,-0.22252093395631434
0.002195390563435656,0.015005640617870176,0.0,0.015135424065100813,0.25615581880500704,0.8833333333333333,0.870909825396113,0.8660254037844386,0.5000000000000001,0.10116832198743272,-0.994869323391895,0.43388373911755823,-0.900968867902419
0.0065574005461590396,0.0021253993123135366,0.004357305368955626,0.0,-0.1269440873250008,0.8833333333333333,0.8709547107141254,0.8660254037844386,0.5000000000000001,-0.10116832198743204,-0.9948693233918952,-0.433883739117558,-0.9009688679024191
0.0021762794225954484,-0.008528836347520436,0.012959144642505116,-0.0043010818993905854,-0.08426034361773985,0.8833333333333333,0.870999596032138,0.8660254037844386,0.5000000000000001,-0.29936312297335776,-0.9541392564000489,-0.9749279121818236,-0.2225209339563146
0.006500564603093463,0.010649727916658148,-0.0064585800394118195,0.008583743691391435,0.18415138347103074,0.8833333333333333,0.8711342519861753,0.8660254037844386,0.5000000000000001,-0.7907757369376986,-0.6121059825476627,0.7818314824680298,0.6234898018587336
0.0,0.012631746905900564,0.004310351501122263,0.012739025777429712,0.16169592181563827,0.8833333333333333,0.8711791373041878,0.8660254037844386,0.5000000000000001,-0.8978045395707417,-0.44039415155763423,0.9749279121818236,-0.22252093395631434
-0.028479471321868687,-0.01687803778735175,-0.03278982282299084,-0.027809278698427975,-0.43545946397635604,0.8833333333333333,0.8712240226222003,0.8660254037844386,0.5000000000000001,-0.9680771188662041,-0.2506525322587213,0.43388373911755823,-0.900968867902419
-0.008928630744301318,-0.019334651707455724,0.024150460232283122,-0.013100624045698093,0.09836494979928184,0.8833333333333333,0.8712689079402128,0.8660254037844386,0.5000000000000001,-0.9987165071710528,-0.05064916883871355,-0.433883739117558,-0.9009688679024191
-0.0067491819749284495,-0.013100624045698093,-0.019715863164417317,-0.017738824337381633,-0.25131442828090605,0.8833333333333333,0.8713137932582253,0.8660254037844386,0.5000000000000001,-0.9884683243281114,0.15142777750457667,-0.9749279121818236,-0.2225209339563146
-0.018223738956451498,-0.015504186535965199,-0.013363227812167141,-0.020339684237122672,0.43218249644687756,0.8833333333333333,0.8714484492122627,0.8660254037844386,0.5000000000000001,-0.7247927872291207,0.6889669190756859,0.7818314824680298,0.6234898018587336
-0.03509131981127006,-0.022574322038539065,-0.03653374333245595,-0.004576667027411867,-0.08535984895115675,0.8833333333333333,0.8714933345302752,0.8660254037844386,0.5000000000000001,-0.5712682150947924,0.8207634412072763,0.9749279121818236,-0.22252093395631434
